key	key_word	key_deriv	word	type	cz	en	gr	crum	pos	added	updated	created_by	updated_by	key-link	word-parsed	word-parsed-classify	word-title	word-parsed-prettify	type-parsed	gr-parsed	en-parsed	en-parsed-no-greek	crum-link	dialect-S	dialect-Sa	dialect-Sf	dialect-A	dialect-sA	dialect-B	dialect-F	dialect-Fb	dialect-O	dialect-NH	depth
4828	222	4827	(S,B) ^^ e-	0	pure from |$ {intr:} |$ {tr:} |$$ |$$ for	pure from |$ {intr:} |$ {tr:} |$$ |$$ for		399b	2	2010-04-11	2010-07-22	vagrant	vagrant	https://pishoyg.github.io/crum/4828.html	(S, B) ― ⲉ-	"<span class=""word S B"">(<span class=""dialect S"">S</span>, <span class=""dialect B"">B</span>) <span class=""spelling S B"">― ⲉ-</span> <span class=""nag-hammadi""></span></span>"	― ⲉ-	"<span class=""word S B"">(<span class=""dialect S"">S</span>, <span class=""dialect B"">B</span>) <span class=""spelling S B"">― ⲉ-</span></span>"	-		"pure from
― <b>intr:</b>
― <b>tr:</b>
――
―― for"	"pure from
― <b>intr:</b>
― <b>tr:</b>
――
―― for"	https://coptot.manuscriptroom.com/crum-coptic-dictionary?pageID=399b	― ⲉ-					― ⲉ-					1
4829	222	4827	(S,B) ^^ n-	0	cleanse, be pure for	cleanse, be pure for		400a	3	2010-04-11	1900-01-01	vagrant		https://pishoyg.github.io/crum/4829.html	(S, B) ― ⲛ-	"<span class=""word S B"">(<span class=""dialect S"">S</span>, <span class=""dialect B"">B</span>) <span class=""spelling S B"">― ⲛ-</span> <span class=""nag-hammadi""></span></span>"	― ⲛ-	"<span class=""word S B"">(<span class=""dialect S"">S</span>, <span class=""dialect B"">B</span>) <span class=""spelling S B"">― ⲛ-</span></span>"	-		cleanse, be pure for	cleanse, be pure for	https://coptot.manuscriptroom.com/crum-coptic-dictionary?pageID=400a	― ⲛ-					― ⲛ-					1
4830	222	4827	(B) ^^ Ha-	0	from	from		400a	4	2010-04-11	1900-01-01	vagrant		https://pishoyg.github.io/crum/4830.html	(B) ― ϩⲁ-	"<span class=""word B"">(<span class=""dialect B"">B</span>) <span class=""spelling B"">― ϩⲁ-</span> <span class=""nag-hammadi""></span></span>"	― ϩⲁ-	"<span class=""word B"">(<span class=""dialect B"">B</span>) <span class=""spelling B"">― ϩⲁ-</span></span>"	-		from	from	https://coptot.manuscriptroom.com/crum-coptic-dictionary?pageID=400a						― ϩⲁ-					1
4831	222	4827	(S,A,B,F) ^^ Hn-,^^ Ken-	0	by (agent)	by (agent)		400a	5	2010-04-11	1900-01-01	vagrant		https://pishoyg.github.io/crum/4831.html	(S, A, B, F) ― ϩⲛ-, ― ϧⲉⲛ-	"<span class=""word S A B F"">(<span class=""dialect S"">S</span>, <span class=""dialect A"">A</span>, <span class=""dialect B"">B</span>, <span class=""dialect F"">F</span>) <span class=""spelling S A B F"">― ϩⲛ-</span>, <span class=""spelling S A B F"">― ϧⲉⲛ-</span> <span class=""nag-hammadi""></span></span>"	― ϩⲛ-, ― ϧⲉⲛ-	"<span class=""word S A B F"">(<span class=""dialect S"">S</span>, <span class=""dialect A"">A</span>, <span class=""dialect B"">B</span>, <span class=""dialect F"">F</span>) <span class=""spelling S A B F"">― ϩⲛ-</span>, <span class=""spelling S A B F"">― ϧⲉⲛ-</span></span>"	-		by <i>agent</i>	by <i>agent</i>	https://coptot.manuscriptroom.com/crum-coptic-dictionary?pageID=400a	― ϩⲛ-, ― ϧⲉⲛ-			― ϩⲛ-, ― ϧⲉⲛ-		― ϩⲛ-, ― ϧⲉⲛ-	― ϩⲛ-, ― ϧⲉⲛ-				1
6510	222	4827	(S,A,B,F) ^^^ ebol Hn-	0	be pure from	be pure from		400a	6	2010-07-22	2010-07-22	vagrant	vagrant	https://pishoyg.github.io/crum/6510.html	(S, A, B, F) <i><b>c</b></i> ⲉⲃⲟⲗ ϩⲛ-	"<span class=""word S A B F"">(<span class=""dialect S"">S</span>, <span class=""dialect A"">A</span>, <span class=""dialect B"">B</span>, <span class=""dialect F"">F</span>) <span class=""spelling S A B F""><i><b>c</b></i> ⲉⲃⲟⲗ ϩⲛ-</span> <span class=""nag-hammadi""></span></span>"	ⲉⲃⲟⲗ ϩⲛ-	"<span class=""word S A B F"">(<span class=""dialect S"">S</span>, <span class=""dialect A"">A</span>, <span class=""dialect B"">B</span>, <span class=""dialect F"">F</span>) <span class=""spelling S A B F"">ⲉⲃⲟⲗ ϩⲛ-</span> (c)</span>"	-		be pure from	be pure from	https://coptot.manuscriptroom.com/crum-coptic-dictionary?pageID=400a	ⲉⲃⲟⲗ ϩⲛ- (c)			ⲉⲃⲟⲗ ϩⲛ- (c)		ⲉⲃⲟⲗ ϩⲛ- (c)	ⲉⲃⲟⲗ ϩⲛ- (c)				1
6511	222	4827	(S,A,B,F) ^^^ Hrai Hn-,^^^ eKrai Ken-	0				400a	7	2010-07-22	2010-07-22	vagrant	vagrant	https://pishoyg.github.io/crum/6511.html	(S, A, B, F) <i><b>c</b></i> ϩⲣⲁⲓ ϩⲛ-, <i><b>c</b></i> ⲉϧⲣⲁⲓ ϧⲉⲛ-	"<span class=""word S A B F"">(<span class=""dialect S"">S</span>, <span class=""dialect A"">A</span>, <span class=""dialect B"">B</span>, <span class=""dialect F"">F</span>) <span class=""spelling S A B F""><i><b>c</b></i> ϩⲣⲁⲓ ϩⲛ-</span>, <span class=""spelling S A B F""><i><b>c</b></i> ⲉϧⲣⲁⲓ ϧⲉⲛ-</span> <span class=""nag-hammadi""></span></span>"	ϩⲣⲁⲓ ϩⲛ-, ⲉϧⲣⲁⲓ ϧⲉⲛ-	"<span class=""word S A B F"">(<span class=""dialect S"">S</span>, <span class=""dialect A"">A</span>, <span class=""dialect B"">B</span>, <span class=""dialect F"">F</span>) <span class=""spelling S A B F"">ϩⲣⲁⲓ ϩⲛ-</span>, <span class=""spelling S A B F"">ⲉϧⲣⲁⲓ ϧⲉⲛ-</span> (c)</span>"	-				https://coptot.manuscriptroom.com/crum-coptic-dictionary?pageID=400a	ϩⲣⲁⲓ ϩⲛ-, ⲉϧⲣⲁⲓ ϧⲉⲛ- (c)			ϩⲣⲁⲓ ϩⲛ-, ⲉϧⲣⲁⲓ ϧⲉⲛ- (c)		ϩⲣⲁⲓ ϩⲛ-, ⲉϧⲣⲁⲓ ϧⲉⲛ- (c)	ϩⲣⲁⲓ ϩⲛ-, ⲉϧⲣⲁⲓ ϧⲉⲛ- (c)				1
4832	222	0		99	With following adverb:	With following adverb:		400a	8	2010-04-11	1900-01-01	vagrant		https://pishoyg.github.io/crum/4832.html					HEADER		With following adverb:	With following adverb:	https://coptot.manuscriptroom.com/crum-coptic-dictionary?pageID=400a											0
6512	222	4832	(S) ^^^ ebol	0	(emphatic of [t.])	(emphatic of [t.])		400a	9	2010-07-22	1900-01-01	vagrant		https://pishoyg.github.io/crum/6512.html	(S) <i><b>c</b></i> ⲉⲃⲟⲗ	"<span class=""word S"">(<span class=""dialect S"">S</span>) <span class=""spelling S""><i><b>c</b></i> ⲉⲃⲟⲗ</span> <span class=""nag-hammadi""></span></span>"	ⲉⲃⲟⲗ	"<span class=""word S"">(<span class=""dialect S"">S</span>) <span class=""spelling S"">ⲉⲃⲟⲗ</span> (c)</span>"	-		<i>emphatic of ⲧ.</i>	<i>emphatic of ⲧ.</i>	https://coptot.manuscriptroom.com/crum-coptic-dictionary?pageID=400a	ⲉⲃⲟⲗ (c)										1
2189	222	0	(S,A,sA,B,F) ^^	1	purity, purification /$gk: [[kaqarioths]]$/	purity, purification /$gk: [[kaqarioths]]$/	kaqarioths	400a	10	2010-02-20	1900-01-01	vagrant		https://pishoyg.github.io/crum/2189.html	(S, A, sA, B, F) ―	"<span class=""word S A sA B F"">(<span class=""dialect S"">S</span>, <span class=""dialect A"">A</span>, <span class=""dialect sA"">sA</span>, <span class=""dialect B"">B</span>, <span class=""dialect F"">F</span>) <span class=""spelling S A sA B F"">―</span> <span class=""nag-hammadi""></span></span>"	―	"<span class=""word S A sA B F"">(<span class=""dialect S"">S</span>, <span class=""dialect A"">A</span>, <span class=""dialect sA"">sA</span>, <span class=""dialect B"">B</span>, <span class=""dialect F"">F</span>) <span class=""spelling S A sA B F"">―</span> (ⲡ)</span>"	noun male	καθαριοτησ	purity, purification [καθαριοτησ]	purity, purification	https://coptot.manuscriptroom.com/crum-coptic-dictionary?pageID=400a	― (ⲡ)			― (ⲡ)	― (ⲡ)	― (ⲡ)	― (ⲡ)				0
2190	222	0	(B) att.	0	impure /$gk: [[anosios]]$/	impure /$gk: [[anosios]]$/	anosios	400a	11	2010-02-20	1900-01-01	vagrant		https://pishoyg.github.io/crum/2190.html	(B) ⲁⲧⲧ.	"<span class=""word B"">(<span class=""dialect B"">B</span>) <span class=""spelling B"">ⲁⲧⲧ.</span> <span class=""nag-hammadi""></span></span>"	ⲁⲧⲧ.	"<span class=""word B"">(<span class=""dialect B"">B</span>) <span class=""spelling B"">ⲁⲧⲧ.</span></span>"	-	ανοσιοσ	impure [ανοσιοσ]	impure	https://coptot.manuscriptroom.com/crum-coptic-dictionary?pageID=400a						ⲁⲧⲧ.					0
2191	222	0	(S,sA,B,F) ma nt.	0	place of purifying /$gk: [[agiasthrion]]$/	place of purifying /$gk: [[agiasthrion]]$/	agiasthrion	400a	12	2010-02-20	1900-01-01	vagrant		https://pishoyg.github.io/crum/2191.html	(S, sA, B, F) ⲙⲁ ⲛⲧ.	"<span class=""word S sA B F"">(<span class=""dialect S"">S</span>, <span class=""dialect sA"">sA</span>, <span class=""dialect B"">B</span>, <span class=""dialect F"">F</span>) <span class=""spelling S sA B F"">ⲙⲁ ⲛⲧ.</span> <span class=""nag-hammadi""></span></span>"	ⲙⲁ ⲛⲧ.	"<span class=""word S sA B F"">(<span class=""dialect S"">S</span>, <span class=""dialect sA"">sA</span>, <span class=""dialect B"">B</span>, <span class=""dialect F"">F</span>) <span class=""spelling S sA B F"">ⲙⲁ ⲛⲧ.</span></span>"	-	αγιαστηριον	place of purifying [αγιαστηριον]	place of purifying	https://coptot.manuscriptroom.com/crum-coptic-dictionary?pageID=400a	ⲙⲁ ⲛⲧ.				ⲙⲁ ⲛⲧ.	ⲙⲁ ⲛⲧ.	ⲙⲁ ⲛⲧ.				0
2192	222	0	(B) mett.	0	purity	purity		400a	13	2010-02-20	1900-01-01	vagrant		https://pishoyg.github.io/crum/2192.html	(B) ⲙⲉⲧⲧ.	"<span class=""word B"">(<span class=""dialect B"">B</span>) <span class=""spelling B"">ⲙⲉⲧⲧ.</span> <span class=""nag-hammadi""></span></span>"	ⲙⲉⲧⲧ.	"<span class=""word B"">(<span class=""dialect B"">B</span>) <span class=""spelling B"">ⲙⲉⲧⲧ.</span></span>"	-		purity	purity	https://coptot.manuscriptroom.com/crum-coptic-dictionary?pageID=400a						ⲙⲉⲧⲧ.					0
2193	222	0	(S,B) Gint.,Jint.	0	purification	purification		400a	14	2010-02-20	1900-01-01	vagrant		https://pishoyg.github.io/crum/2193.html	(S, B) ϭⲓⲛⲧ., ϫⲓⲛⲧ.	"<span class=""word S B"">(<span class=""dialect S"">S</span>, <span class=""dialect B"">B</span>) <span class=""spelling S B"">ϭⲓⲛⲧ.</span>, <span class=""spelling S B"">ϫⲓⲛⲧ.</span> <span class=""nag-hammadi""></span></span>"	ϭⲓⲛⲧ., ϫⲓⲛⲧ.	"<span class=""word S B"">(<span class=""dialect S"">S</span>, <span class=""dialect B"">B</span>) <span class=""spelling S B"">ϭⲓⲛⲧ.</span>, <span class=""spelling S B"">ϫⲓⲛⲧ.</span></span>"	-		purification	purification	https://coptot.manuscriptroom.com/crum-coptic-dictionary?pageID=400a	ϭⲓⲛⲧ., ϫⲓⲛⲧ.					ϭⲓⲛⲧ., ϫⲓⲛⲧ.					0
5450	223	0		99	With following preposition:	With following preposition:		837a	1	2010-06-01	1900-01-01	vagrant		https://pishoyg.github.io/crum/5450.html					HEADER		With following preposition:	With following preposition:	https://coptot.manuscriptroom.com/crum-coptic-dictionary?pageID=837a											0
5451	223	5450	^^ e-	0	at, to	at, to		837a	2	2010-06-01	1900-01-01	vagrant		https://pishoyg.github.io/crum/5451.html	― ⲉ-	"<span class=""word""><span class=""spelling"">― ⲉ-</span> <span class=""nag-hammadi""></span></span>"	― ⲉ-	"<span class=""word""><span class=""spelling"">― ⲉ-</span></span>"	-		at, to	at, to	https://coptot.manuscriptroom.com/crum-coptic-dictionary?pageID=837a	― ⲉ-	― ⲉ-	― ⲉ-	― ⲉ-	― ⲉ-	― ⲉ-	― ⲉ-	― ⲉ-	― ⲉ-	― ⲉ-	1
5452	223	5450	^^ eJn-,^^ eJen-	0				837b	3	2010-06-01	1900-01-01	vagrant		https://pishoyg.github.io/crum/5452.html	― ⲉϫⲛ-, ― ⲉϫⲉⲛ-	"<span class=""word""><span class=""spelling"">― ⲉϫⲛ-</span>, <span class=""spelling"">― ⲉϫⲉⲛ-</span> <span class=""nag-hammadi""></span></span>"	― ⲉϫⲛ-, ― ⲉϫⲉⲛ-	"<span class=""word""><span class=""spelling"">― ⲉϫⲛ-</span>, <span class=""spelling"">― ⲉϫⲉⲛ-</span></span>"	-				https://coptot.manuscriptroom.com/crum-coptic-dictionary?pageID=837b	― ⲉϫⲛ-, ― ⲉϫⲉⲛ-	― ⲉϫⲛ-, ― ⲉϫⲉⲛ-	― ⲉϫⲛ-, ― ⲉϫⲉⲛ-	― ⲉϫⲛ-, ― ⲉϫⲉⲛ-	― ⲉϫⲛ-, ― ⲉϫⲉⲛ-	― ⲉϫⲛ-, ― ⲉϫⲉⲛ-	― ⲉϫⲛ-, ― ⲉϫⲉⲛ-	― ⲉϫⲛ-, ― ⲉϫⲉⲛ-	― ⲉϫⲛ-, ― ⲉϫⲉⲛ-	― ⲉϫⲛ-, ― ⲉϫⲉⲛ-	1
5453	223	5450	(B) ^^ n-	0	toward	toward		837b	4	2010-06-01	1900-01-01	vagrant		https://pishoyg.github.io/crum/5453.html	(B) ― ⲛ-	"<span class=""word B"">(<span class=""dialect B"">B</span>) <span class=""spelling B"">― ⲛ-</span> <span class=""nag-hammadi""></span></span>"	― ⲛ-	"<span class=""word B"">(<span class=""dialect B"">B</span>) <span class=""spelling B"">― ⲛ-</span></span>"	-		toward	toward	https://coptot.manuscriptroom.com/crum-coptic-dictionary?pageID=837b						― ⲛ-					1
5454	223	5450	(S,B) ^^ nsa-	0	after, at	after, at		837b	5	2010-06-01	1900-01-01	vagrant		https://pishoyg.github.io/crum/5454.html	(S, B) ― ⲛⲥⲁ-	"<span class=""word S B"">(<span class=""dialect S"">S</span>, <span class=""dialect B"">B</span>) <span class=""spelling S B"">― ⲛⲥⲁ-</span> <span class=""nag-hammadi""></span></span>"	― ⲛⲥⲁ-	"<span class=""word S B"">(<span class=""dialect S"">S</span>, <span class=""dialect B"">B</span>) <span class=""spelling S B"">― ⲛⲥⲁ-</span></span>"	-		after, at	after, at	https://coptot.manuscriptroom.com/crum-coptic-dictionary?pageID=837b	― ⲛⲥⲁ-					― ⲛⲥⲁ-					1
5455	223	5450	(sA) ^^ oube-	0				837b	6	2010-06-01	1900-01-01	vagrant		https://pishoyg.github.io/crum/5455.html	(sA) ― ⲟⲩⲃⲉ-	"<span class=""word sA"">(<span class=""dialect sA"">sA</span>) <span class=""spelling sA"">― ⲟⲩⲃⲉ-</span> <span class=""nag-hammadi""></span></span>"	― ⲟⲩⲃⲉ-	"<span class=""word sA"">(<span class=""dialect sA"">sA</span>) <span class=""spelling sA"">― ⲟⲩⲃⲉ-</span></span>"	-				https://coptot.manuscriptroom.com/crum-coptic-dictionary?pageID=837b					― ⲟⲩⲃⲉ-						1
5456	223	5450	(S) ^^ Ha-	0				837b	7	2010-06-01	1900-01-01	vagrant		https://pishoyg.github.io/crum/5456.html	(S) ― ϩⲁ-	"<span class=""word S"">(<span class=""dialect S"">S</span>) <span class=""spelling S"">― ϩⲁ-</span> <span class=""nag-hammadi""></span></span>"	― ϩⲁ-	"<span class=""word S"">(<span class=""dialect S"">S</span>) <span class=""spelling S"">― ϩⲁ-</span></span>"	-				https://coptot.manuscriptroom.com/crum-coptic-dictionary?pageID=837b	― ϩⲁ-										1
5457	223	5450	(S) ^^ Hn-	0	(instr) | in	(instr) | in		838a	8	2010-06-01	2011-01-10	vagrant	vagrant	https://pishoyg.github.io/crum/5457.html	(S) ― ϩⲛ-	"<span class=""word S"">(<span class=""dialect S"">S</span>) <span class=""spelling S"">― ϩⲛ-</span> <span class=""nag-hammadi""></span></span>"	― ϩⲛ-	"<span class=""word S"">(<span class=""dialect S"">S</span>) <span class=""spelling S"">― ϩⲛ-</span></span>"	-		"<i>instr</i>
in"	"<i>instr</i>
in"	https://coptot.manuscriptroom.com/crum-coptic-dictionary?pageID=838a	― ϩⲛ-										1
5458	223	5450	(S) ^^ Hht=	0	toward	toward		838a	9	2010-06-01	1900-01-01	vagrant		https://pishoyg.github.io/crum/5458.html	(S) ― ϩⲏⲧ=	"<span class=""word S"">(<span class=""dialect S"">S</span>) <span class=""spelling S"">― ϩⲏⲧ=</span> <span class=""nag-hammadi""></span></span>"	― ϩⲏⲧ=	"<span class=""word S"">(<span class=""dialect S"">S</span>) <span class=""spelling S"">― ϩⲏⲧ=</span></span>"	-		toward	toward	https://coptot.manuscriptroom.com/crum-coptic-dictionary?pageID=838a	― ϩⲏⲧ=										1
5459	223	5450	^^ HaJn-,^^ KaJen-	0				838a	10	2010-06-01	1900-01-01	vagrant		https://pishoyg.github.io/crum/5459.html	― ϩⲁϫⲛ-, ― ϧⲁϫⲉⲛ-	"<span class=""word""><span class=""spelling"">― ϩⲁϫⲛ-</span>, <span class=""spelling"">― ϧⲁϫⲉⲛ-</span> <span class=""nag-hammadi""></span></span>"	― ϩⲁϫⲛ-, ― ϧⲁϫⲉⲛ-	"<span class=""word""><span class=""spelling"">― ϩⲁϫⲛ-</span>, <span class=""spelling"">― ϧⲁϫⲉⲛ-</span></span>"	-				https://coptot.manuscriptroom.com/crum-coptic-dictionary?pageID=838a	― ϩⲁϫⲛ-, ― ϧⲁϫⲉⲛ-	― ϩⲁϫⲛ-, ― ϧⲁϫⲉⲛ-	― ϩⲁϫⲛ-, ― ϧⲁϫⲉⲛ-	― ϩⲁϫⲛ-, ― ϧⲁϫⲉⲛ-	― ϩⲁϫⲛ-, ― ϧⲁϫⲉⲛ-	― ϩⲁϫⲛ-, ― ϧⲁϫⲉⲛ-	― ϩⲁϫⲛ-, ― ϧⲁϫⲉⲛ-	― ϩⲁϫⲛ-, ― ϧⲁϫⲉⲛ-	― ϩⲁϫⲛ-, ― ϧⲁϫⲉⲛ-	― ϩⲁϫⲛ-, ― ϧⲁϫⲉⲛ-	1
5460	223	5450	(B) ^^ HiJen-	0				838a	11	2010-06-01	1900-01-01	vagrant		https://pishoyg.github.io/crum/5460.html	(B) ― ϩⲓϫⲉⲛ-	"<span class=""word B"">(<span class=""dialect B"">B</span>) <span class=""spelling B"">― ϩⲓϫⲉⲛ-</span> <span class=""nag-hammadi""></span></span>"	― ϩⲓϫⲉⲛ-	"<span class=""word B"">(<span class=""dialect B"">B</span>) <span class=""spelling B"">― ϩⲓϫⲉⲛ-</span></span>"	-				https://coptot.manuscriptroom.com/crum-coptic-dictionary?pageID=838a						― ϩⲓϫⲉⲛ-					1
5461	223	0		99	With following adverb:	With following adverb:		838a	12	2010-06-01	1900-01-01	vagrant		https://pishoyg.github.io/crum/5461.html					HEADER		With following adverb:	With following adverb:	https://coptot.manuscriptroom.com/crum-coptic-dictionary?pageID=838a											0
5462	223	5461	^^ ebol	0	 /$gk: [[oran, diakarterein]]$/ | (as nn m S) /$gk: [[prosdokia, skopia, apokaradokia]]$/	 /$gk: [[oran, diakarterein]]$/ | (as nn m S) /$gk: [[prosdokia, skopia, apokaradokia]]$/	oran, diakarterein, prosdokia, skopia, apokaradokia	838a	13	2010-06-01	2011-01-10	vagrant	vagrant	https://pishoyg.github.io/crum/5462.html	― ⲉⲃⲟⲗ	"<span class=""word""><span class=""spelling"">― ⲉⲃⲟⲗ</span> <span class=""nag-hammadi""></span></span>"	― ⲉⲃⲟⲗ	"<span class=""word""><span class=""spelling"">― ⲉⲃⲟⲗ</span></span>"	-	οραν, διακαρτερειν, προσδοκια, σκοπια, αποκαραδοκια	"[οραν, διακαρτερειν]
<i>as nn m S</i> [προσδοκια, σκοπια, αποκαραδοκια]"	<i>as nn m S</i>	https://coptot.manuscriptroom.com/crum-coptic-dictionary?pageID=838a	― ⲉⲃⲟⲗ	― ⲉⲃⲟⲗ	― ⲉⲃⲟⲗ	― ⲉⲃⲟⲗ	― ⲉⲃⲟⲗ	― ⲉⲃⲟⲗ	― ⲉⲃⲟⲗ	― ⲉⲃⲟⲗ	― ⲉⲃⲟⲗ	― ⲉⲃⲟⲗ	1
8819	223	5462	^^^ *^[ebol]^* e-	0				838a	14	2011-01-10	2011-01-10	vagrant	vagrant	https://pishoyg.github.io/crum/8819.html	<i><b>c</b></i> {ⲉⲃⲟⲗ} ⲉ-	"<span class=""word""><span class=""spelling""><i><b>c</b></i> {ⲉⲃⲟⲗ} ⲉ-</span> <span class=""nag-hammadi""></span></span>"	{ⲉⲃⲟⲗ} ⲉ-	"<span class=""word""><span class=""spelling"">{ⲉⲃⲟⲗ} ⲉ-</span> (c)</span>"	-				https://coptot.manuscriptroom.com/crum-coptic-dictionary?pageID=838a	{ⲉⲃⲟⲗ} ⲉ- (c)	{ⲉⲃⲟⲗ} ⲉ- (c)	{ⲉⲃⲟⲗ} ⲉ- (c)	{ⲉⲃⲟⲗ} ⲉ- (c)	{ⲉⲃⲟⲗ} ⲉ- (c)	{ⲉⲃⲟⲗ} ⲉ- (c)	{ⲉⲃⲟⲗ} ⲉ- (c)	{ⲉⲃⲟⲗ} ⲉ- (c)	{ⲉⲃⲟⲗ} ⲉ- (c)	{ⲉⲃⲟⲗ} ⲉ- (c)	2
8820	223	5462	^^^ *^[ebol]^* eJn-	0				838a	15	2011-01-10	1900-01-01	vagrant		https://pishoyg.github.io/crum/8820.html	<i><b>c</b></i> {ⲉⲃⲟⲗ} ⲉϫⲛ-	"<span class=""word""><span class=""spelling""><i><b>c</b></i> {ⲉⲃⲟⲗ} ⲉϫⲛ-</span> <span class=""nag-hammadi""></span></span>"	{ⲉⲃⲟⲗ} ⲉϫⲛ-	"<span class=""word""><span class=""spelling"">{ⲉⲃⲟⲗ} ⲉϫⲛ-</span> (c)</span>"	-				https://coptot.manuscriptroom.com/crum-coptic-dictionary?pageID=838a	{ⲉⲃⲟⲗ} ⲉϫⲛ- (c)	{ⲉⲃⲟⲗ} ⲉϫⲛ- (c)	{ⲉⲃⲟⲗ} ⲉϫⲛ- (c)	{ⲉⲃⲟⲗ} ⲉϫⲛ- (c)	{ⲉⲃⲟⲗ} ⲉϫⲛ- (c)	{ⲉⲃⲟⲗ} ⲉϫⲛ- (c)	{ⲉⲃⲟⲗ} ⲉϫⲛ- (c)	{ⲉⲃⲟⲗ} ⲉϫⲛ- (c)	{ⲉⲃⲟⲗ} ⲉϫⲛ- (c)	{ⲉⲃⲟⲗ} ⲉϫⲛ- (c)	2
8821	223	5462	^^^ *^[ebol]^* mn-	0				838a	16	2011-01-10	1900-01-01	vagrant		https://pishoyg.github.io/crum/8821.html	<i><b>c</b></i> {ⲉⲃⲟⲗ} ⲙⲛ-	"<span class=""word""><span class=""spelling""><i><b>c</b></i> {ⲉⲃⲟⲗ} ⲙⲛ-</span> <span class=""nag-hammadi""></span></span>"	{ⲉⲃⲟⲗ} ⲙⲛ-	"<span class=""word""><span class=""spelling"">{ⲉⲃⲟⲗ} ⲙⲛ-</span> (c)</span>"	-				https://coptot.manuscriptroom.com/crum-coptic-dictionary?pageID=838a	{ⲉⲃⲟⲗ} ⲙⲛ- (c)	{ⲉⲃⲟⲗ} ⲙⲛ- (c)	{ⲉⲃⲟⲗ} ⲙⲛ- (c)	{ⲉⲃⲟⲗ} ⲙⲛ- (c)	{ⲉⲃⲟⲗ} ⲙⲛ- (c)	{ⲉⲃⲟⲗ} ⲙⲛ- (c)	{ⲉⲃⲟⲗ} ⲙⲛ- (c)	{ⲉⲃⲟⲗ} ⲙⲛ- (c)	{ⲉⲃⲟⲗ} ⲙⲛ- (c)	{ⲉⲃⲟⲗ} ⲙⲛ- (c)	2
8822	223	5462	^^^ *^[ebol]^* n-	0				838a	17	2011-01-10	1900-01-01	vagrant		https://pishoyg.github.io/crum/8822.html	<i><b>c</b></i> {ⲉⲃⲟⲗ} ⲛ-	"<span class=""word""><span class=""spelling""><i><b>c</b></i> {ⲉⲃⲟⲗ} ⲛ-</span> <span class=""nag-hammadi""></span></span>"	{ⲉⲃⲟⲗ} ⲛ-	"<span class=""word""><span class=""spelling"">{ⲉⲃⲟⲗ} ⲛ-</span> (c)</span>"	-				https://coptot.manuscriptroom.com/crum-coptic-dictionary?pageID=838a	{ⲉⲃⲟⲗ} ⲛ- (c)	{ⲉⲃⲟⲗ} ⲛ- (c)	{ⲉⲃⲟⲗ} ⲛ- (c)	{ⲉⲃⲟⲗ} ⲛ- (c)	{ⲉⲃⲟⲗ} ⲛ- (c)	{ⲉⲃⲟⲗ} ⲛ- (c)	{ⲉⲃⲟⲗ} ⲛ- (c)	{ⲉⲃⲟⲗ} ⲛ- (c)	{ⲉⲃⲟⲗ} ⲛ- (c)	{ⲉⲃⲟⲗ} ⲛ- (c)	2
8823	223	5462	^^^ *^[ebol]^* nsa-	0				838a	18	2011-01-10	1900-01-01	vagrant		https://pishoyg.github.io/crum/8823.html	<i><b>c</b></i> {ⲉⲃⲟⲗ} ⲛⲥⲁ-	"<span class=""word""><span class=""spelling""><i><b>c</b></i> {ⲉⲃⲟⲗ} ⲛⲥⲁ-</span> <span class=""nag-hammadi""></span></span>"	{ⲉⲃⲟⲗ} ⲛⲥⲁ-	"<span class=""word""><span class=""spelling"">{ⲉⲃⲟⲗ} ⲛⲥⲁ-</span> (c)</span>"	-				https://coptot.manuscriptroom.com/crum-coptic-dictionary?pageID=838a	{ⲉⲃⲟⲗ} ⲛⲥⲁ- (c)	{ⲉⲃⲟⲗ} ⲛⲥⲁ- (c)	{ⲉⲃⲟⲗ} ⲛⲥⲁ- (c)	{ⲉⲃⲟⲗ} ⲛⲥⲁ- (c)	{ⲉⲃⲟⲗ} ⲛⲥⲁ- (c)	{ⲉⲃⲟⲗ} ⲛⲥⲁ- (c)	{ⲉⲃⲟⲗ} ⲛⲥⲁ- (c)	{ⲉⲃⲟⲗ} ⲛⲥⲁ- (c)	{ⲉⲃⲟⲗ} ⲛⲥⲁ- (c)	{ⲉⲃⲟⲗ} ⲛⲥⲁ- (c)	2
8824	223	5462	^^^ *^[ebol]^* Ha-	0				838a	19	2011-01-10	1900-01-01	vagrant		https://pishoyg.github.io/crum/8824.html	<i><b>c</b></i> {ⲉⲃⲟⲗ} ϩⲁ-	"<span class=""word""><span class=""spelling""><i><b>c</b></i> {ⲉⲃⲟⲗ} ϩⲁ-</span> <span class=""nag-hammadi""></span></span>"	{ⲉⲃⲟⲗ} ϩⲁ-	"<span class=""word""><span class=""spelling"">{ⲉⲃⲟⲗ} ϩⲁ-</span> (c)</span>"	-				https://coptot.manuscriptroom.com/crum-coptic-dictionary?pageID=838a	{ⲉⲃⲟⲗ} ϩⲁ- (c)	{ⲉⲃⲟⲗ} ϩⲁ- (c)	{ⲉⲃⲟⲗ} ϩⲁ- (c)	{ⲉⲃⲟⲗ} ϩⲁ- (c)	{ⲉⲃⲟⲗ} ϩⲁ- (c)	{ⲉⲃⲟⲗ} ϩⲁ- (c)	{ⲉⲃⲟⲗ} ϩⲁ- (c)	{ⲉⲃⲟⲗ} ϩⲁ- (c)	{ⲉⲃⲟⲗ} ϩⲁ- (c)	{ⲉⲃⲟⲗ} ϩⲁ- (c)	2
8825	223	5462	^^^ *^[ebol]^* Hn-,^^^ *^[ebol]^* Ken-	0				838a	20	2011-01-10	1900-01-01	vagrant		https://pishoyg.github.io/crum/8825.html	<i><b>c</b></i> {ⲉⲃⲟⲗ} ϩⲛ-, <i><b>c</b></i> {ⲉⲃⲟⲗ} ϧⲉⲛ-	"<span class=""word""><span class=""spelling""><i><b>c</b></i> {ⲉⲃⲟⲗ} ϩⲛ-</span>, <span class=""spelling""><i><b>c</b></i> {ⲉⲃⲟⲗ} ϧⲉⲛ-</span> <span class=""nag-hammadi""></span></span>"	{ⲉⲃⲟⲗ} ϩⲛ-, {ⲉⲃⲟⲗ} ϧⲉⲛ-	"<span class=""word""><span class=""spelling"">{ⲉⲃⲟⲗ} ϩⲛ-</span>, <span class=""spelling"">{ⲉⲃⲟⲗ} ϧⲉⲛ-</span> (c)</span>"	-				https://coptot.manuscriptroom.com/crum-coptic-dictionary?pageID=838a	{ⲉⲃⲟⲗ} ϩⲛ-, {ⲉⲃⲟⲗ} ϧⲉⲛ- (c)	{ⲉⲃⲟⲗ} ϩⲛ-, {ⲉⲃⲟⲗ} ϧⲉⲛ- (c)	{ⲉⲃⲟⲗ} ϩⲛ-, {ⲉⲃⲟⲗ} ϧⲉⲛ- (c)	{ⲉⲃⲟⲗ} ϩⲛ-, {ⲉⲃⲟⲗ} ϧⲉⲛ- (c)	{ⲉⲃⲟⲗ} ϩⲛ-, {ⲉⲃⲟⲗ} ϧⲉⲛ- (c)	{ⲉⲃⲟⲗ} ϩⲛ-, {ⲉⲃⲟⲗ} ϧⲉⲛ- (c)	{ⲉⲃⲟⲗ} ϩⲛ-, {ⲉⲃⲟⲗ} ϧⲉⲛ- (c)	{ⲉⲃⲟⲗ} ϩⲛ-, {ⲉⲃⲟⲗ} ϧⲉⲛ- (c)	{ⲉⲃⲟⲗ} ϩⲛ-, {ⲉⲃⲟⲗ} ϧⲉⲛ- (c)	{ⲉⲃⲟⲗ} ϩⲛ-, {ⲉⲃⲟⲗ} ϧⲉⲛ- (c)	2
8826	223	5462	(S) ^^^ *^[ebol]^* Hht= (B) ^^^ *^[ebol]^* KatHh	0				838a	21	2011-01-10	1900-01-01	vagrant		https://pishoyg.github.io/crum/8826.html	"(S) <i><b>c</b></i> {ⲉⲃⲟⲗ} ϩⲏⲧ=
(B) <i><b>c</b></i> {ⲉⲃⲟⲗ} ϧⲁⲧϩⲏ"	"<span class=""word S"">(<span class=""dialect S"">S</span>) <span class=""spelling S""><i><b>c</b></i> {ⲉⲃⲟⲗ} ϩⲏⲧ=</span> <span class=""nag-hammadi""></span></span>
<span class=""word B"">(<span class=""dialect B"">B</span>) <span class=""spelling B""><i><b>c</b></i> {ⲉⲃⲟⲗ} ϧⲁⲧϩⲏ</span> <span class=""nag-hammadi""></span></span>"	{ⲉⲃⲟⲗ} ϩⲏⲧ=, {ⲉⲃⲟⲗ} ϧⲁⲧϩⲏ	"<span class=""word S"">(<span class=""dialect S"">S</span>) <span class=""spelling S"">{ⲉⲃⲟⲗ} ϩⲏⲧ=</span> (c)</span>
<span class=""word B"">(<span class=""dialect B"">B</span>) <span class=""spelling B"">{ⲉⲃⲟⲗ} ϧⲁⲧϩⲏ</span> (c)</span>"	-				https://coptot.manuscriptroom.com/crum-coptic-dictionary?pageID=838a	{ⲉⲃⲟⲗ} ϩⲏⲧ= (c)					{ⲉⲃⲟⲗ} ϧⲁⲧϩⲏ (c)					2
8827	223	5462	^^^ *^[ebol]^* Hitn-	0				838a	22	2011-01-10	1900-01-01	vagrant		https://pishoyg.github.io/crum/8827.html	<i><b>c</b></i> {ⲉⲃⲟⲗ} ϩⲓⲧⲛ-	"<span class=""word""><span class=""spelling""><i><b>c</b></i> {ⲉⲃⲟⲗ} ϩⲓⲧⲛ-</span> <span class=""nag-hammadi""></span></span>"	{ⲉⲃⲟⲗ} ϩⲓⲧⲛ-	"<span class=""word""><span class=""spelling"">{ⲉⲃⲟⲗ} ϩⲓⲧⲛ-</span> (c)</span>"	-				https://coptot.manuscriptroom.com/crum-coptic-dictionary?pageID=838a	{ⲉⲃⲟⲗ} ϩⲓⲧⲛ- (c)	{ⲉⲃⲟⲗ} ϩⲓⲧⲛ- (c)	{ⲉⲃⲟⲗ} ϩⲓⲧⲛ- (c)	{ⲉⲃⲟⲗ} ϩⲓⲧⲛ- (c)	{ⲉⲃⲟⲗ} ϩⲓⲧⲛ- (c)	{ⲉⲃⲟⲗ} ϩⲓⲧⲛ- (c)	{ⲉⲃⲟⲗ} ϩⲓⲧⲛ- (c)	{ⲉⲃⲟⲗ} ϩⲓⲧⲛ- (c)	{ⲉⲃⲟⲗ} ϩⲓⲧⲛ- (c)	{ⲉⲃⲟⲗ} ϩⲓⲧⲛ- (c)	2
8828	223	5462	^^^ *^[ebol]^* HaJn- *^once^*,^^^ *^[ebol]^* KaJen-	0				838b	23	2011-01-10	1900-01-01	vagrant		https://pishoyg.github.io/crum/8828.html	<i><b>c</b></i> {ⲉⲃⲟⲗ} ϩⲁϫⲛ- {once}, <i><b>c</b></i> {ⲉⲃⲟⲗ} ϧⲁϫⲉⲛ-	"<span class=""word""><span class=""spelling""><i><b>c</b></i> {ⲉⲃⲟⲗ} ϩⲁϫⲛ- {once}</span>, <span class=""spelling""><i><b>c</b></i> {ⲉⲃⲟⲗ} ϧⲁϫⲉⲛ-</span> <span class=""nag-hammadi""></span></span>"	{ⲉⲃⲟⲗ} ϩⲁϫⲛ- {once}, {ⲉⲃⲟⲗ} ϧⲁϫⲉⲛ-	"<span class=""word""><span class=""spelling"">{ⲉⲃⲟⲗ} ϩⲁϫⲛ- {once}</span>, <span class=""spelling"">{ⲉⲃⲟⲗ} ϧⲁϫⲉⲛ-</span> (c)</span>"	-				https://coptot.manuscriptroom.com/crum-coptic-dictionary?pageID=838b	{ⲉⲃⲟⲗ} ϩⲁϫⲛ- {once}, {ⲉⲃⲟⲗ} ϧⲁϫⲉⲛ- (c)	{ⲉⲃⲟⲗ} ϩⲁϫⲛ- {once}, {ⲉⲃⲟⲗ} ϧⲁϫⲉⲛ- (c)	{ⲉⲃⲟⲗ} ϩⲁϫⲛ- {once}, {ⲉⲃⲟⲗ} ϧⲁϫⲉⲛ- (c)	{ⲉⲃⲟⲗ} ϩⲁϫⲛ- {once}, {ⲉⲃⲟⲗ} ϧⲁϫⲉⲛ- (c)	{ⲉⲃⲟⲗ} ϩⲁϫⲛ- {once}, {ⲉⲃⲟⲗ} ϧⲁϫⲉⲛ- (c)	{ⲉⲃⲟⲗ} ϩⲁϫⲛ- {once}, {ⲉⲃⲟⲗ} ϧⲁϫⲉⲛ- (c)	{ⲉⲃⲟⲗ} ϩⲁϫⲛ- {once}, {ⲉⲃⲟⲗ} ϧⲁϫⲉⲛ- (c)	{ⲉⲃⲟⲗ} ϩⲁϫⲛ- {once}, {ⲉⲃⲟⲗ} ϧⲁϫⲉⲛ- (c)	{ⲉⲃⲟⲗ} ϩⲁϫⲛ- {once}, {ⲉⲃⲟⲗ} ϧⲁϫⲉⲛ- (c)	{ⲉⲃⲟⲗ} ϩⲁϫⲛ- {once}, {ⲉⲃⲟⲗ} ϧⲁϫⲉⲛ- (c)	2
8829	223	5462	(S) ^^^ *^[ebol]^* HiJn-	0				838b	24	2011-01-10	1900-01-01	vagrant		https://pishoyg.github.io/crum/8829.html	(S) <i><b>c</b></i> {ⲉⲃⲟⲗ} ϩⲓϫⲛ-	"<span class=""word S"">(<span class=""dialect S"">S</span>) <span class=""spelling S""><i><b>c</b></i> {ⲉⲃⲟⲗ} ϩⲓϫⲛ-</span> <span class=""nag-hammadi""></span></span>"	{ⲉⲃⲟⲗ} ϩⲓϫⲛ-	"<span class=""word S"">(<span class=""dialect S"">S</span>) <span class=""spelling S"">{ⲉⲃⲟⲗ} ϩⲓϫⲛ-</span> (c)</span>"	-				https://coptot.manuscriptroom.com/crum-coptic-dictionary?pageID=838b	{ⲉⲃⲟⲗ} ϩⲓϫⲛ- (c)										2
5463	223	5461	^^ epesht	0				838b	25	2010-06-01	1900-01-01	vagrant		https://pishoyg.github.io/crum/5463.html	― ⲉⲡⲉⲥⲏⲧ	"<span class=""word""><span class=""spelling"">― ⲉⲡⲉⲥⲏⲧ</span> <span class=""nag-hammadi""></span></span>"	― ⲉⲡⲉⲥⲏⲧ	"<span class=""word""><span class=""spelling"">― ⲉⲡⲉⲥⲏⲧ</span></span>"	-				https://coptot.manuscriptroom.com/crum-coptic-dictionary?pageID=838b	― ⲉⲡⲉⲥⲏⲧ	― ⲉⲡⲉⲥⲏⲧ	― ⲉⲡⲉⲥⲏⲧ	― ⲉⲡⲉⲥⲏⲧ	― ⲉⲡⲉⲥⲏⲧ	― ⲉⲡⲉⲥⲏⲧ	― ⲉⲡⲉⲥⲏⲧ	― ⲉⲡⲉⲥⲏⲧ	― ⲉⲡⲉⲥⲏⲧ	― ⲉⲡⲉⲥⲏⲧ	1
5464	223	5461	(B) ^^ epSwi	0				838b	26	2010-06-01	1900-01-01	vagrant		https://pishoyg.github.io/crum/5464.html	(B) ― ⲉⲡϣⲱⲓ	"<span class=""word B"">(<span class=""dialect B"">B</span>) <span class=""spelling B"">― ⲉⲡϣⲱⲓ</span> <span class=""nag-hammadi""></span></span>"	― ⲉⲡϣⲱⲓ	"<span class=""word B"">(<span class=""dialect B"">B</span>) <span class=""spelling B"">― ⲉⲡϣⲱⲓ</span></span>"	-				https://coptot.manuscriptroom.com/crum-coptic-dictionary?pageID=838b						― ⲉⲡϣⲱⲓ					1
5465	223	5461	^^ epaHou,^^ efaHou	0				838b	27	2010-06-01	1900-01-01	vagrant		https://pishoyg.github.io/crum/5465.html	― ⲉⲡⲁϩⲟⲩ, ― ⲉⲫⲁϩⲟⲩ	"<span class=""word""><span class=""spelling"">― ⲉⲡⲁϩⲟⲩ</span>, <span class=""spelling"">― ⲉⲫⲁϩⲟⲩ</span> <span class=""nag-hammadi""></span></span>"	― ⲉⲡⲁϩⲟⲩ, ― ⲉⲫⲁϩⲟⲩ	"<span class=""word""><span class=""spelling"">― ⲉⲡⲁϩⲟⲩ</span>, <span class=""spelling"">― ⲉⲫⲁϩⲟⲩ</span></span>"	-				https://coptot.manuscriptroom.com/crum-coptic-dictionary?pageID=838b	― ⲉⲡⲁϩⲟⲩ, ― ⲉⲫⲁϩⲟⲩ	― ⲉⲡⲁϩⲟⲩ, ― ⲉⲫⲁϩⲟⲩ	― ⲉⲡⲁϩⲟⲩ, ― ⲉⲫⲁϩⲟⲩ	― ⲉⲡⲁϩⲟⲩ, ― ⲉⲫⲁϩⲟⲩ	― ⲉⲡⲁϩⲟⲩ, ― ⲉⲫⲁϩⲟⲩ	― ⲉⲡⲁϩⲟⲩ, ― ⲉⲫⲁϩⲟⲩ	― ⲉⲡⲁϩⲟⲩ, ― ⲉⲫⲁϩⲟⲩ	― ⲉⲡⲁϩⲟⲩ, ― ⲉⲫⲁϩⲟⲩ	― ⲉⲡⲁϩⲟⲩ, ― ⲉⲫⲁϩⲟⲩ	― ⲉⲡⲁϩⲟⲩ, ― ⲉⲫⲁϩⲟⲩ	1
5466	223	5461	^^ eHoun,^^ eKoun	0				838b	28	2010-06-01	1900-01-01	vagrant		https://pishoyg.github.io/crum/5466.html	― ⲉϩⲟⲩⲛ, ― ⲉϧⲟⲩⲛ	"<span class=""word""><span class=""spelling"">― ⲉϩⲟⲩⲛ</span>, <span class=""spelling"">― ⲉϧⲟⲩⲛ</span> <span class=""nag-hammadi""></span></span>"	― ⲉϩⲟⲩⲛ, ― ⲉϧⲟⲩⲛ	"<span class=""word""><span class=""spelling"">― ⲉϩⲟⲩⲛ</span>, <span class=""spelling"">― ⲉϧⲟⲩⲛ</span></span>"	-				https://coptot.manuscriptroom.com/crum-coptic-dictionary?pageID=838b	― ⲉϩⲟⲩⲛ, ― ⲉϧⲟⲩⲛ	― ⲉϩⲟⲩⲛ, ― ⲉϧⲟⲩⲛ	― ⲉϩⲟⲩⲛ, ― ⲉϧⲟⲩⲛ	― ⲉϩⲟⲩⲛ, ― ⲉϧⲟⲩⲛ	― ⲉϩⲟⲩⲛ, ― ⲉϧⲟⲩⲛ	― ⲉϩⲟⲩⲛ, ― ⲉϧⲟⲩⲛ	― ⲉϩⲟⲩⲛ, ― ⲉϧⲟⲩⲛ	― ⲉϩⲟⲩⲛ, ― ⲉϧⲟⲩⲛ	― ⲉϩⲟⲩⲛ, ― ⲉϧⲟⲩⲛ	― ⲉϩⲟⲩⲛ, ― ⲉϧⲟⲩⲛ	1
5467	223	5461	^^ eHrai,^^ eKrai	0	down	down		838b	29	2010-06-01	1900-01-01	vagrant		https://pishoyg.github.io/crum/5467.html	― ⲉϩⲣⲁⲓ, ― ⲉϧⲣⲁⲓ	"<span class=""word""><span class=""spelling"">― ⲉϩⲣⲁⲓ</span>, <span class=""spelling"">― ⲉϧⲣⲁⲓ</span> <span class=""nag-hammadi""></span></span>"	― ⲉϩⲣⲁⲓ, ― ⲉϧⲣⲁⲓ	"<span class=""word""><span class=""spelling"">― ⲉϩⲣⲁⲓ</span>, <span class=""spelling"">― ⲉϧⲣⲁⲓ</span></span>"	-		down	down	https://coptot.manuscriptroom.com/crum-coptic-dictionary?pageID=838b	― ⲉϩⲣⲁⲓ, ― ⲉϧⲣⲁⲓ	― ⲉϩⲣⲁⲓ, ― ⲉϧⲣⲁⲓ	― ⲉϩⲣⲁⲓ, ― ⲉϧⲣⲁⲓ	― ⲉϩⲣⲁⲓ, ― ⲉϧⲣⲁⲓ	― ⲉϩⲣⲁⲓ, ― ⲉϧⲣⲁⲓ	― ⲉϩⲣⲁⲓ, ― ⲉϧⲣⲁⲓ	― ⲉϩⲣⲁⲓ, ― ⲉϧⲣⲁⲓ	― ⲉϩⲣⲁⲓ, ― ⲉϧⲣⲁⲓ	― ⲉϩⲣⲁⲓ, ― ⲉϧⲣⲁⲓ	― ⲉϩⲣⲁⲓ, ― ⲉϧⲣⲁⲓ	1
5468	223	5461	^^ eHrai	0	up	up		838b	30	2010-06-01	1900-01-01	vagrant		https://pishoyg.github.io/crum/5468.html	― ⲉϩⲣⲁⲓ	"<span class=""word""><span class=""spelling"">― ⲉϩⲣⲁⲓ</span> <span class=""nag-hammadi""></span></span>"	― ⲉϩⲣⲁⲓ	"<span class=""word""><span class=""spelling"">― ⲉϩⲣⲁⲓ</span></span>"	-		up	up	https://coptot.manuscriptroom.com/crum-coptic-dictionary?pageID=838b	― ⲉϩⲣⲁⲓ	― ⲉϩⲣⲁⲓ	― ⲉϩⲣⲁⲓ	― ⲉϩⲣⲁⲓ	― ⲉϩⲣⲁⲓ	― ⲉϩⲣⲁⲓ	― ⲉϩⲣⲁⲓ	― ⲉϩⲣⲁⲓ	― ⲉϩⲣⲁⲓ	― ⲉϩⲣⲁⲓ	1
4085	223	0	^^	1	look, glance	look, glance		838b	31	2010-04-01	1900-01-01	vagrant		https://pishoyg.github.io/crum/4085.html	―	"<span class=""word""><span class=""spelling"">―</span> <span class=""nag-hammadi""></span></span>"	―	"<span class=""word""><span class=""spelling"">―</span> (ⲡ)</span>"	noun male		look, glance	look, glance	https://coptot.manuscriptroom.com/crum-coptic-dictionary?pageID=838b	― (ⲡ)	― (ⲡ)	― (ⲡ)	― (ⲡ)	― (ⲡ)	― (ⲡ)	― (ⲡ)	― (ⲡ)	― (ⲡ)	― (ⲡ)	0
4086	223	0	(B) atJ.	0				838b	32	2010-04-01	1900-01-01	vagrant		https://pishoyg.github.io/crum/4086.html	(B) ⲁⲧϫ.	"<span class=""word B"">(<span class=""dialect B"">B</span>) <span class=""spelling B"">ⲁⲧϫ.</span> <span class=""nag-hammadi""></span></span>"	ⲁⲧϫ.	"<span class=""word B"">(<span class=""dialect B"">B</span>) <span class=""spelling B"">ⲁⲧϫ.</span></span>"	-				https://coptot.manuscriptroom.com/crum-coptic-dictionary?pageID=838b						ⲁⲧϫ.					0
4087	223	0	ma nG.,ma nJ.	0	look-out place	look-out place		839a	33	2010-04-01	1900-01-01	vagrant		https://pishoyg.github.io/crum/4087.html	ⲙⲁ ⲛϭ., ⲙⲁ ⲛϫ.	"<span class=""word""><span class=""spelling"">ⲙⲁ ⲛϭ.</span>, <span class=""spelling"">ⲙⲁ ⲛϫ.</span> <span class=""nag-hammadi""></span></span>"	ⲙⲁ ⲛϭ., ⲙⲁ ⲛϫ.	"<span class=""word""><span class=""spelling"">ⲙⲁ ⲛϭ.</span>, <span class=""spelling"">ⲙⲁ ⲛϫ.</span></span>"	-		look-out place	look-out place	https://coptot.manuscriptroom.com/crum-coptic-dictionary?pageID=839a	ⲙⲁ ⲛϭ., ⲙⲁ ⲛϫ.	ⲙⲁ ⲛϭ., ⲙⲁ ⲛϫ.	ⲙⲁ ⲛϭ., ⲙⲁ ⲛϫ.	ⲙⲁ ⲛϭ., ⲙⲁ ⲛϫ.	ⲙⲁ ⲛϭ., ⲙⲁ ⲛϫ.	ⲙⲁ ⲛϭ., ⲙⲁ ⲛϫ.	ⲙⲁ ⲛϭ., ⲙⲁ ⲛϫ.	ⲙⲁ ⲛϭ., ⲙⲁ ⲛϫ.	ⲙⲁ ⲛϭ., ⲙⲁ ⲛϫ.	ⲙⲁ ⲛϭ., ⲙⲁ ⲛϫ.	0
4088	223	0	reFG.	0	one who sees /$gk: [[oraths]]$/	one who sees /$gk: [[oraths]]$/	oraths	839a	34	2010-04-01	1900-01-01	vagrant		https://pishoyg.github.io/crum/4088.html	ⲣⲉϥϭ.	"<span class=""word""><span class=""spelling"">ⲣⲉϥϭ.</span> <span class=""nag-hammadi""></span></span>"	ⲣⲉϥϭ.	"<span class=""word""><span class=""spelling"">ⲣⲉϥϭ.</span></span>"	-	ορατησ	one who sees [ορατησ]	one who sees	https://coptot.manuscriptroom.com/crum-coptic-dictionary?pageID=839a	ⲣⲉϥϭ.	ⲣⲉϥϭ.	ⲣⲉϥϭ.	ⲣⲉϥϭ.	ⲣⲉϥϭ.	ⲣⲉϥϭ.	ⲣⲉϥϭ.	ⲣⲉϥϭ.	ⲣⲉϥϭ.	ⲣⲉϥϭ.	0
4089	223	0	GinG.,JinJ.	0				839a	35	2010-04-01	1900-01-01	vagrant		https://pishoyg.github.io/crum/4089.html	ϭⲓⲛϭ., ϫⲓⲛϫ.	"<span class=""word""><span class=""spelling"">ϭⲓⲛϭ.</span>, <span class=""spelling"">ϫⲓⲛϫ.</span> <span class=""nag-hammadi""></span></span>"	ϭⲓⲛϭ., ϫⲓⲛϫ.	"<span class=""word""><span class=""spelling"">ϭⲓⲛϭ.</span>, <span class=""spelling"">ϫⲓⲛϫ.</span></span>"	-				https://coptot.manuscriptroom.com/crum-coptic-dictionary?pageID=839a	ϭⲓⲛϭ., ϫⲓⲛϫ.	ϭⲓⲛϭ., ϫⲓⲛϫ.	ϭⲓⲛϭ., ϫⲓⲛϫ.	ϭⲓⲛϭ., ϫⲓⲛϫ.	ϭⲓⲛϭ., ϫⲓⲛϫ.	ϭⲓⲛϭ., ϫⲓⲛϫ.	ϭⲓⲛϭ., ϫⲓⲛϫ.	ϭⲓⲛϭ., ϫⲓⲛϫ.	ϭⲓⲛϭ., ϫⲓⲛϫ.	ϭⲓⲛϭ., ϫⲓⲛϫ.	0
5078	224	0		99	With following preposition:	With following preposition:		544b	1	2010-04-29	1900-01-01	vagrant		https://pishoyg.github.io/crum/5078.html					HEADER		With following preposition:	With following preposition:	https://coptot.manuscriptroom.com/crum-coptic-dictionary?pageID=544b											0
5079	224	5078	(S,A,B,F,O) ^^ e-	0	go to	go to		544b	2	2010-04-29	1900-01-01	vagrant		https://pishoyg.github.io/crum/5079.html	(S, A, B, F, O) ― ⲉ-	"<span class=""word S A B F O"">(<span class=""dialect S"">S</span>, <span class=""dialect A"">A</span>, <span class=""dialect B"">B</span>, <span class=""dialect F"">F</span>, <span class=""dialect O"">O</span>) <span class=""spelling S A B F O"">― ⲉ-</span> <span class=""nag-hammadi""></span></span>"	― ⲉ-	"<span class=""word S A B F O"">(<span class=""dialect S"">S</span>, <span class=""dialect A"">A</span>, <span class=""dialect B"">B</span>, <span class=""dialect F"">F</span>, <span class=""dialect O"">O</span>) <span class=""spelling S A B F O"">― ⲉ-</span></span>"	-		go to	go to	https://coptot.manuscriptroom.com/crum-coptic-dictionary?pageID=544b	― ⲉ-			― ⲉ-		― ⲉ-	― ⲉ-		― ⲉ-		1
7262	224	5078	^^^ emau	0	thither	thither		545a	3	2010-08-09	2010-08-09	vagrant	vagrant	https://pishoyg.github.io/crum/7262.html	<i><b>c</b></i> ⲉⲙⲁⲩ	"<span class=""word""><span class=""spelling""><i><b>c</b></i> ⲉⲙⲁⲩ</span> <span class=""nag-hammadi""></span></span>"	ⲉⲙⲁⲩ	"<span class=""word""><span class=""spelling"">ⲉⲙⲁⲩ</span> (c)</span>"	-		thither	thither	https://coptot.manuscriptroom.com/crum-coptic-dictionary?pageID=545a	ⲉⲙⲁⲩ (c)	ⲉⲙⲁⲩ (c)	ⲉⲙⲁⲩ (c)	ⲉⲙⲁⲩ (c)	ⲉⲙⲁⲩ (c)	ⲉⲙⲁⲩ (c)	ⲉⲙⲁⲩ (c)	ⲉⲙⲁⲩ (c)	ⲉⲙⲁⲩ (c)	ⲉⲙⲁⲩ (c)	1
7263	224	5078	^^^ erat=	0	to	to		545a	4	2010-08-09	2010-08-09	vagrant	vagrant	https://pishoyg.github.io/crum/7263.html	<i><b>c</b></i> ⲉⲣⲁⲧ=	"<span class=""word""><span class=""spelling""><i><b>c</b></i> ⲉⲣⲁⲧ=</span> <span class=""nag-hammadi""></span></span>"	ⲉⲣⲁⲧ=	"<span class=""word""><span class=""spelling"">ⲉⲣⲁⲧ=</span> (c)</span>"	-		to	to	https://coptot.manuscriptroom.com/crum-coptic-dictionary?pageID=545a	ⲉⲣⲁⲧ= (c)	ⲉⲣⲁⲧ= (c)	ⲉⲣⲁⲧ= (c)	ⲉⲣⲁⲧ= (c)	ⲉⲣⲁⲧ= (c)	ⲉⲣⲁⲧ= (c)	ⲉⲣⲁⲧ= (c)	ⲉⲣⲁⲧ= (c)	ⲉⲣⲁⲧ= (c)	ⲉⲣⲁⲧ= (c)	1
7264	224	5078	^^^ eHren-	0	toward	toward		545a	5	2010-08-09	2010-08-09	vagrant	vagrant	https://pishoyg.github.io/crum/7264.html	<i><b>c</b></i> ⲉϩⲣⲉⲛ-	"<span class=""word""><span class=""spelling""><i><b>c</b></i> ⲉϩⲣⲉⲛ-</span> <span class=""nag-hammadi""></span></span>"	ⲉϩⲣⲉⲛ-	"<span class=""word""><span class=""spelling"">ⲉϩⲣⲉⲛ-</span> (c)</span>"	-		toward	toward	https://coptot.manuscriptroom.com/crum-coptic-dictionary?pageID=545a	ⲉϩⲣⲉⲛ- (c)	ⲉϩⲣⲉⲛ- (c)	ⲉϩⲣⲉⲛ- (c)	ⲉϩⲣⲉⲛ- (c)	ⲉϩⲣⲉⲛ- (c)	ⲉϩⲣⲉⲛ- (c)	ⲉϩⲣⲉⲛ- (c)	ⲉϩⲣⲉⲛ- (c)	ⲉϩⲣⲉⲛ- (c)	ⲉϩⲣⲉⲛ- (c)	1
5080	224	5078	^^ eJen-	0	on to	on to		545a	6	2010-04-29	1900-01-01	vagrant		https://pishoyg.github.io/crum/5080.html	― ⲉϫⲉⲛ-	"<span class=""word""><span class=""spelling"">― ⲉϫⲉⲛ-</span> <span class=""nag-hammadi""></span></span>"	― ⲉϫⲉⲛ-	"<span class=""word""><span class=""spelling"">― ⲉϫⲉⲛ-</span></span>"	-		on to	on to	https://coptot.manuscriptroom.com/crum-coptic-dictionary?pageID=545a	― ⲉϫⲉⲛ-	― ⲉϫⲉⲛ-	― ⲉϫⲉⲛ-	― ⲉϫⲉⲛ-	― ⲉϫⲉⲛ-	― ⲉϫⲉⲛ-	― ⲉϫⲉⲛ-	― ⲉϫⲉⲛ-	― ⲉϫⲉⲛ-	― ⲉϫⲉⲛ-	1
5081	224	5078	^^ nsa-	0	after	after		545a	7	2010-04-29	1900-01-01	vagrant		https://pishoyg.github.io/crum/5081.html	― ⲛⲥⲁ-	"<span class=""word""><span class=""spelling"">― ⲛⲥⲁ-</span> <span class=""nag-hammadi""></span></span>"	― ⲛⲥⲁ-	"<span class=""word""><span class=""spelling"">― ⲛⲥⲁ-</span></span>"	-		after	after	https://coptot.manuscriptroom.com/crum-coptic-dictionary?pageID=545a	― ⲛⲥⲁ-	― ⲛⲥⲁ-	― ⲛⲥⲁ-	― ⲛⲥⲁ-	― ⲛⲥⲁ-	― ⲛⲥⲁ-	― ⲛⲥⲁ-	― ⲛⲥⲁ-	― ⲛⲥⲁ-	― ⲛⲥⲁ-	1
5082	224	5078	^^ samenHe	0	after	after		545a	8	2010-04-29	1900-01-01	vagrant		https://pishoyg.github.io/crum/5082.html	― ⲥⲁⲙⲉⲛϩⲉ	"<span class=""word""><span class=""spelling"">― ⲥⲁⲙⲉⲛϩⲉ</span> <span class=""nag-hammadi""></span></span>"	― ⲥⲁⲙⲉⲛϩⲉ	"<span class=""word""><span class=""spelling"">― ⲥⲁⲙⲉⲛϩⲉ</span></span>"	-		after	after	https://coptot.manuscriptroom.com/crum-coptic-dictionary?pageID=545a	― ⲥⲁⲙⲉⲛϩⲉ	― ⲥⲁⲙⲉⲛϩⲉ	― ⲥⲁⲙⲉⲛϩⲉ	― ⲥⲁⲙⲉⲛϩⲉ	― ⲥⲁⲙⲉⲛϩⲉ	― ⲥⲁⲙⲉⲛϩⲉ	― ⲥⲁⲙⲉⲛϩⲉ	― ⲥⲁⲙⲉⲛϩⲉ	― ⲥⲁⲙⲉⲛϩⲉ	― ⲥⲁⲙⲉⲛϩⲉ	1
5083	224	5078	(B,F) ^^ Sa-	0	to	to		545a	9	2010-04-29	1900-01-01	vagrant		https://pishoyg.github.io/crum/5083.html	(B, F) ― ϣⲁ-	"<span class=""word B F"">(<span class=""dialect B"">B</span>, <span class=""dialect F"">F</span>) <span class=""spelling B F"">― ϣⲁ-</span> <span class=""nag-hammadi""></span></span>"	― ϣⲁ-	"<span class=""word B F"">(<span class=""dialect B"">B</span>, <span class=""dialect F"">F</span>) <span class=""spelling B F"">― ϣⲁ-</span></span>"	-		to	to	https://coptot.manuscriptroom.com/crum-coptic-dictionary?pageID=545a						― ϣⲁ-	― ϣⲁ-				1
5084	224	5078	^^ Ka-	0	beneath	beneath		545a	10	2010-04-29	1900-01-01	vagrant		https://pishoyg.github.io/crum/5084.html	― ϧⲁ-	"<span class=""word""><span class=""spelling"">― ϧⲁ-</span> <span class=""nag-hammadi""></span></span>"	― ϧⲁ-	"<span class=""word""><span class=""spelling"">― ϧⲁ-</span></span>"	-		beneath	beneath	https://coptot.manuscriptroom.com/crum-coptic-dictionary?pageID=545a	― ϧⲁ-	― ϧⲁ-	― ϧⲁ-	― ϧⲁ-	― ϧⲁ-	― ϧⲁ-	― ϧⲁ-	― ϧⲁ-	― ϧⲁ-	― ϧⲁ-	1
5085	224	5078	^^ Katen-	0	up to	up to		545a	11	2010-04-29	1900-01-01	vagrant		https://pishoyg.github.io/crum/5085.html	― ϧⲁⲧⲉⲛ-	"<span class=""word""><span class=""spelling"">― ϧⲁⲧⲉⲛ-</span> <span class=""nag-hammadi""></span></span>"	― ϧⲁⲧⲉⲛ-	"<span class=""word""><span class=""spelling"">― ϧⲁⲧⲉⲛ-</span></span>"	-		up to	up to	https://coptot.manuscriptroom.com/crum-coptic-dictionary?pageID=545a	― ϧⲁⲧⲉⲛ-	― ϧⲁⲧⲉⲛ-	― ϧⲁⲧⲉⲛ-	― ϧⲁⲧⲉⲛ-	― ϧⲁⲧⲉⲛ-	― ϧⲁⲧⲉⲛ-	― ϧⲁⲧⲉⲛ-	― ϧⲁⲧⲉⲛ-	― ϧⲁⲧⲉⲛ-	― ϧⲁⲧⲉⲛ-	1
5086	224	5078	^^ Ha-	0	to	to		545a	12	2010-04-29	1900-01-01	vagrant		https://pishoyg.github.io/crum/5086.html	― ϩⲁ-	"<span class=""word""><span class=""spelling"">― ϩⲁ-</span> <span class=""nag-hammadi""></span></span>"	― ϩⲁ-	"<span class=""word""><span class=""spelling"">― ϩⲁ-</span></span>"	-		to	to	https://coptot.manuscriptroom.com/crum-coptic-dictionary?pageID=545a	― ϩⲁ-	― ϩⲁ-	― ϩⲁ-	― ϩⲁ-	― ϩⲁ-	― ϩⲁ-	― ϩⲁ-	― ϩⲁ-	― ϩⲁ-	― ϩⲁ-	1
5087	224	5078	^^ Hi-	0	on	on		545a	13	2010-04-29	1900-01-01	vagrant		https://pishoyg.github.io/crum/5087.html	― ϩⲓ-	"<span class=""word""><span class=""spelling"">― ϩⲓ-</span> <span class=""nag-hammadi""></span></span>"	― ϩⲓ-	"<span class=""word""><span class=""spelling"">― ϩⲓ-</span></span>"	-		on	on	https://coptot.manuscriptroom.com/crum-coptic-dictionary?pageID=545a	― ϩⲓ-	― ϩⲓ-	― ϩⲓ-	― ϩⲓ-	― ϩⲓ-	― ϩⲓ-	― ϩⲓ-	― ϩⲓ-	― ϩⲓ-	― ϩⲓ-	1
5088	224	5078	(S,B,F) ^^ Hn-,^^ Ken-	0	in	in		545a	14	2010-04-29	1900-01-01	vagrant		https://pishoyg.github.io/crum/5088.html	(S, B, F) ― ϩⲛ-, ― ϧⲉⲛ-	"<span class=""word S B F"">(<span class=""dialect S"">S</span>, <span class=""dialect B"">B</span>, <span class=""dialect F"">F</span>) <span class=""spelling S B F"">― ϩⲛ-</span>, <span class=""spelling S B F"">― ϧⲉⲛ-</span> <span class=""nag-hammadi""></span></span>"	― ϩⲛ-, ― ϧⲉⲛ-	"<span class=""word S B F"">(<span class=""dialect S"">S</span>, <span class=""dialect B"">B</span>, <span class=""dialect F"">F</span>) <span class=""spelling S B F"">― ϩⲛ-</span>, <span class=""spelling S B F"">― ϧⲉⲛ-</span></span>"	-		in	in	https://coptot.manuscriptroom.com/crum-coptic-dictionary?pageID=545a	― ϩⲛ-, ― ϧⲉⲛ-					― ϩⲛ-, ― ϧⲉⲛ-	― ϩⲛ-, ― ϧⲉⲛ-				1
5089	224	5078	^^ Hiren-	0	to	to		545a	15	2010-04-29	1900-01-01	vagrant		https://pishoyg.github.io/crum/5089.html	― ϩⲓⲣⲉⲛ-	"<span class=""word""><span class=""spelling"">― ϩⲓⲣⲉⲛ-</span> <span class=""nag-hammadi""></span></span>"	― ϩⲓⲣⲉⲛ-	"<span class=""word""><span class=""spelling"">― ϩⲓⲣⲉⲛ-</span></span>"	-		to	to	https://coptot.manuscriptroom.com/crum-coptic-dictionary?pageID=545a	― ϩⲓⲣⲉⲛ-	― ϩⲓⲣⲉⲛ-	― ϩⲓⲣⲉⲛ-	― ϩⲓⲣⲉⲛ-	― ϩⲓⲣⲉⲛ-	― ϩⲓⲣⲉⲛ-	― ϩⲓⲣⲉⲛ-	― ϩⲓⲣⲉⲛ-	― ϩⲓⲣⲉⲛ-	― ϩⲓⲣⲉⲛ-	1
5090	224	0		99	With following adverb:	With following adverb:		545a	16	2010-04-29	1900-01-01	vagrant		https://pishoyg.github.io/crum/5090.html					HEADER		With following adverb:	With following adverb:	https://coptot.manuscriptroom.com/crum-coptic-dictionary?pageID=545a											0
5091	224	5090	(S,sA,B) ^^ ebol	0	go forth	go forth		545a	17	2010-04-29	1900-01-01	vagrant		https://pishoyg.github.io/crum/5091.html	(S, sA, B) ― ⲉⲃⲟⲗ	"<span class=""word S sA B"">(<span class=""dialect S"">S</span>, <span class=""dialect sA"">sA</span>, <span class=""dialect B"">B</span>) <span class=""spelling S sA B"">― ⲉⲃⲟⲗ</span> <span class=""nag-hammadi""></span></span>"	― ⲉⲃⲟⲗ	"<span class=""word S sA B"">(<span class=""dialect S"">S</span>, <span class=""dialect sA"">sA</span>, <span class=""dialect B"">B</span>) <span class=""spelling S sA B"">― ⲉⲃⲟⲗ</span></span>"	-		go forth	go forth	https://coptot.manuscriptroom.com/crum-coptic-dictionary?pageID=545a	― ⲉⲃⲟⲗ				― ⲉⲃⲟⲗ	― ⲉⲃⲟⲗ					1
7265	224	5091	(S,B) ^^^ *^[ebol]^* e-	0				545a	18	2010-08-09	1900-01-01	vagrant		https://pishoyg.github.io/crum/7265.html	(S, B) <i><b>c</b></i> {ⲉⲃⲟⲗ} ⲉ-	"<span class=""word S B"">(<span class=""dialect S"">S</span>, <span class=""dialect B"">B</span>) <span class=""spelling S B""><i><b>c</b></i> {ⲉⲃⲟⲗ} ⲉ-</span> <span class=""nag-hammadi""></span></span>"	{ⲉⲃⲟⲗ} ⲉ-	"<span class=""word S B"">(<span class=""dialect S"">S</span>, <span class=""dialect B"">B</span>) <span class=""spelling S B"">{ⲉⲃⲟⲗ} ⲉ-</span> (c)</span>"	-				https://coptot.manuscriptroom.com/crum-coptic-dictionary?pageID=545a	{ⲉⲃⲟⲗ} ⲉ- (c)					{ⲉⲃⲟⲗ} ⲉ- (c)					2
7266	224	5091	^^^ *^[ebol]^* eHren-	0				545a	19	2010-08-09	1900-01-01	vagrant		https://pishoyg.github.io/crum/7266.html	<i><b>c</b></i> {ⲉⲃⲟⲗ} ⲉϩⲣⲉⲛ-	"<span class=""word""><span class=""spelling""><i><b>c</b></i> {ⲉⲃⲟⲗ} ⲉϩⲣⲉⲛ-</span> <span class=""nag-hammadi""></span></span>"	{ⲉⲃⲟⲗ} ⲉϩⲣⲉⲛ-	"<span class=""word""><span class=""spelling"">{ⲉⲃⲟⲗ} ⲉϩⲣⲉⲛ-</span> (c)</span>"	-				https://coptot.manuscriptroom.com/crum-coptic-dictionary?pageID=545a	{ⲉⲃⲟⲗ} ⲉϩⲣⲉⲛ- (c)	{ⲉⲃⲟⲗ} ⲉϩⲣⲉⲛ- (c)	{ⲉⲃⲟⲗ} ⲉϩⲣⲉⲛ- (c)	{ⲉⲃⲟⲗ} ⲉϩⲣⲉⲛ- (c)	{ⲉⲃⲟⲗ} ⲉϩⲣⲉⲛ- (c)	{ⲉⲃⲟⲗ} ⲉϩⲣⲉⲛ- (c)	{ⲉⲃⲟⲗ} ⲉϩⲣⲉⲛ- (c)	{ⲉⲃⲟⲗ} ⲉϩⲣⲉⲛ- (c)	{ⲉⲃⲟⲗ} ⲉϩⲣⲉⲛ- (c)	{ⲉⲃⲟⲗ} ⲉϩⲣⲉⲛ- (c)	2
7267	224	5091	^^^ *^[ebol]^* n-	0				545a	20	2010-08-09	1900-01-01	vagrant		https://pishoyg.github.io/crum/7267.html	<i><b>c</b></i> {ⲉⲃⲟⲗ} ⲛ-	"<span class=""word""><span class=""spelling""><i><b>c</b></i> {ⲉⲃⲟⲗ} ⲛ-</span> <span class=""nag-hammadi""></span></span>"	{ⲉⲃⲟⲗ} ⲛ-	"<span class=""word""><span class=""spelling"">{ⲉⲃⲟⲗ} ⲛ-</span> (c)</span>"	-				https://coptot.manuscriptroom.com/crum-coptic-dictionary?pageID=545a	{ⲉⲃⲟⲗ} ⲛ- (c)	{ⲉⲃⲟⲗ} ⲛ- (c)	{ⲉⲃⲟⲗ} ⲛ- (c)	{ⲉⲃⲟⲗ} ⲛ- (c)	{ⲉⲃⲟⲗ} ⲛ- (c)	{ⲉⲃⲟⲗ} ⲛ- (c)	{ⲉⲃⲟⲗ} ⲛ- (c)	{ⲉⲃⲟⲗ} ⲛ- (c)	{ⲉⲃⲟⲗ} ⲛ- (c)	{ⲉⲃⲟⲗ} ⲛ- (c)	2
7268	224	5091	^^^ *^[ebol]^* Ha-	0				545a	21	2010-08-09	1900-01-01	vagrant		https://pishoyg.github.io/crum/7268.html	<i><b>c</b></i> {ⲉⲃⲟⲗ} ϩⲁ-	"<span class=""word""><span class=""spelling""><i><b>c</b></i> {ⲉⲃⲟⲗ} ϩⲁ-</span> <span class=""nag-hammadi""></span></span>"	{ⲉⲃⲟⲗ} ϩⲁ-	"<span class=""word""><span class=""spelling"">{ⲉⲃⲟⲗ} ϩⲁ-</span> (c)</span>"	-				https://coptot.manuscriptroom.com/crum-coptic-dictionary?pageID=545a	{ⲉⲃⲟⲗ} ϩⲁ- (c)	{ⲉⲃⲟⲗ} ϩⲁ- (c)	{ⲉⲃⲟⲗ} ϩⲁ- (c)	{ⲉⲃⲟⲗ} ϩⲁ- (c)	{ⲉⲃⲟⲗ} ϩⲁ- (c)	{ⲉⲃⲟⲗ} ϩⲁ- (c)	{ⲉⲃⲟⲗ} ϩⲁ- (c)	{ⲉⲃⲟⲗ} ϩⲁ- (c)	{ⲉⲃⲟⲗ} ϩⲁ- (c)	{ⲉⲃⲟⲗ} ϩⲁ- (c)	2
7269	224	5091	^^^ *^[ebol]^* Hi-	0				545b	22	2010-08-09	1900-01-01	vagrant		https://pishoyg.github.io/crum/7269.html	<i><b>c</b></i> {ⲉⲃⲟⲗ} ϩⲓ-	"<span class=""word""><span class=""spelling""><i><b>c</b></i> {ⲉⲃⲟⲗ} ϩⲓ-</span> <span class=""nag-hammadi""></span></span>"	{ⲉⲃⲟⲗ} ϩⲓ-	"<span class=""word""><span class=""spelling"">{ⲉⲃⲟⲗ} ϩⲓ-</span> (c)</span>"	-				https://coptot.manuscriptroom.com/crum-coptic-dictionary?pageID=545b	{ⲉⲃⲟⲗ} ϩⲓ- (c)	{ⲉⲃⲟⲗ} ϩⲓ- (c)	{ⲉⲃⲟⲗ} ϩⲓ- (c)	{ⲉⲃⲟⲗ} ϩⲓ- (c)	{ⲉⲃⲟⲗ} ϩⲓ- (c)	{ⲉⲃⲟⲗ} ϩⲓ- (c)	{ⲉⲃⲟⲗ} ϩⲓ- (c)	{ⲉⲃⲟⲗ} ϩⲓ- (c)	{ⲉⲃⲟⲗ} ϩⲓ- (c)	{ⲉⲃⲟⲗ} ϩⲓ- (c)	2
7270	224	5091	^^^ *^[ebol]^* HiJen-	0				545b	23	2010-08-09	1900-01-01	vagrant		https://pishoyg.github.io/crum/7270.html	<i><b>c</b></i> {ⲉⲃⲟⲗ} ϩⲓϫⲉⲛ-	"<span class=""word""><span class=""spelling""><i><b>c</b></i> {ⲉⲃⲟⲗ} ϩⲓϫⲉⲛ-</span> <span class=""nag-hammadi""></span></span>"	{ⲉⲃⲟⲗ} ϩⲓϫⲉⲛ-	"<span class=""word""><span class=""spelling"">{ⲉⲃⲟⲗ} ϩⲓϫⲉⲛ-</span> (c)</span>"	-				https://coptot.manuscriptroom.com/crum-coptic-dictionary?pageID=545b	{ⲉⲃⲟⲗ} ϩⲓϫⲉⲛ- (c)	{ⲉⲃⲟⲗ} ϩⲓϫⲉⲛ- (c)	{ⲉⲃⲟⲗ} ϩⲓϫⲉⲛ- (c)	{ⲉⲃⲟⲗ} ϩⲓϫⲉⲛ- (c)	{ⲉⲃⲟⲗ} ϩⲓϫⲉⲛ- (c)	{ⲉⲃⲟⲗ} ϩⲓϫⲉⲛ- (c)	{ⲉⲃⲟⲗ} ϩⲓϫⲉⲛ- (c)	{ⲉⲃⲟⲗ} ϩⲓϫⲉⲛ- (c)	{ⲉⲃⲟⲗ} ϩⲓϫⲉⲛ- (c)	{ⲉⲃⲟⲗ} ϩⲓϫⲉⲛ- (c)	2
5092	224	5090	^^ sabol n-	0	go forth from	go forth from		545b	24	2010-04-29	1900-01-01	vagrant		https://pishoyg.github.io/crum/5092.html	― ⲥⲁⲃⲟⲗ ⲛ-	"<span class=""word""><span class=""spelling"">― ⲥⲁⲃⲟⲗ ⲛ-</span> <span class=""nag-hammadi""></span></span>"	― ⲥⲁⲃⲟⲗ ⲛ-	"<span class=""word""><span class=""spelling"">― ⲥⲁⲃⲟⲗ ⲛ-</span></span>"	-		go forth from	go forth from	https://coptot.manuscriptroom.com/crum-coptic-dictionary?pageID=545b	― ⲥⲁⲃⲟⲗ ⲛ-	― ⲥⲁⲃⲟⲗ ⲛ-	― ⲥⲁⲃⲟⲗ ⲛ-	― ⲥⲁⲃⲟⲗ ⲛ-	― ⲥⲁⲃⲟⲗ ⲛ-	― ⲥⲁⲃⲟⲗ ⲛ-	― ⲥⲁⲃⲟⲗ ⲛ-	― ⲥⲁⲃⲟⲗ ⲛ-	― ⲥⲁⲃⲟⲗ ⲛ-	― ⲥⲁⲃⲟⲗ ⲛ-	1
5093	224	5090	(B,F) ^^ epesht	0	go down /$gk: [[katabainein]]$/	go down /$gk: [[katabainein]]$/	katabainein	545b	25	2010-04-29	1900-01-01	vagrant		https://pishoyg.github.io/crum/5093.html	(B, F) ― ⲉⲡⲉⲥⲏⲧ	"<span class=""word B F"">(<span class=""dialect B"">B</span>, <span class=""dialect F"">F</span>) <span class=""spelling B F"">― ⲉⲡⲉⲥⲏⲧ</span> <span class=""nag-hammadi""></span></span>"	― ⲉⲡⲉⲥⲏⲧ	"<span class=""word B F"">(<span class=""dialect B"">B</span>, <span class=""dialect F"">F</span>) <span class=""spelling B F"">― ⲉⲡⲉⲥⲏⲧ</span></span>"	-	καταβαινειν	go down [καταβαινειν]	go down	https://coptot.manuscriptroom.com/crum-coptic-dictionary?pageID=545b						― ⲉⲡⲉⲥⲏⲧ	― ⲉⲡⲉⲥⲏⲧ				1
5094	224	5090	^^ epSwi	0	go up /$gk: [[anabainein]]$/	go up /$gk: [[anabainein]]$/	anabainein	545b	26	2010-04-29	1900-01-01	vagrant		https://pishoyg.github.io/crum/5094.html	― ⲉⲡϣⲱⲓ	"<span class=""word""><span class=""spelling"">― ⲉⲡϣⲱⲓ</span> <span class=""nag-hammadi""></span></span>"	― ⲉⲡϣⲱⲓ	"<span class=""word""><span class=""spelling"">― ⲉⲡϣⲱⲓ</span></span>"	-	αναβαινειν	go up [αναβαινειν]	go up	https://coptot.manuscriptroom.com/crum-coptic-dictionary?pageID=545b	― ⲉⲡϣⲱⲓ	― ⲉⲡϣⲱⲓ	― ⲉⲡϣⲱⲓ	― ⲉⲡϣⲱⲓ	― ⲉⲡϣⲱⲓ	― ⲉⲡϣⲱⲓ	― ⲉⲡϣⲱⲓ	― ⲉⲡϣⲱⲓ	― ⲉⲡϣⲱⲓ	― ⲉⲡϣⲱⲓ	1
5095	224	5090	(S,Sa,sA,B,F) ^^ eHoun,^^ eKoun	0	go in	go in		545b	27	2010-04-29	1900-01-01	vagrant		https://pishoyg.github.io/crum/5095.html	(S, Sa, sA, B, F) ― ⲉϩⲟⲩⲛ, ― ⲉϧⲟⲩⲛ	"<span class=""word S Sa sA B F"">(<span class=""dialect S"">S</span>, <span class=""dialect Sa"">Sa</span>, <span class=""dialect sA"">sA</span>, <span class=""dialect B"">B</span>, <span class=""dialect F"">F</span>) <span class=""spelling S Sa sA B F"">― ⲉϩⲟⲩⲛ</span>, <span class=""spelling S Sa sA B F"">― ⲉϧⲟⲩⲛ</span> <span class=""nag-hammadi""></span></span>"	― ⲉϩⲟⲩⲛ, ― ⲉϧⲟⲩⲛ	"<span class=""word S Sa sA B F"">(<span class=""dialect S"">S</span>, <span class=""dialect Sa"">Sa</span>, <span class=""dialect sA"">sA</span>, <span class=""dialect B"">B</span>, <span class=""dialect F"">F</span>) <span class=""spelling S Sa sA B F"">― ⲉϩⲟⲩⲛ</span>, <span class=""spelling S Sa sA B F"">― ⲉϧⲟⲩⲛ</span></span>"	-		go in	go in	https://coptot.manuscriptroom.com/crum-coptic-dictionary?pageID=545b	― ⲉϩⲟⲩⲛ, ― ⲉϧⲟⲩⲛ	― ⲉϩⲟⲩⲛ, ― ⲉϧⲟⲩⲛ			― ⲉϩⲟⲩⲛ, ― ⲉϧⲟⲩⲛ	― ⲉϩⲟⲩⲛ, ― ⲉϧⲟⲩⲛ	― ⲉϩⲟⲩⲛ, ― ⲉϧⲟⲩⲛ				1
5096	224	5090	^^ eKrhi e-	0	go down to	go down to		545b	28	2010-04-29	1900-01-01	vagrant		https://pishoyg.github.io/crum/5096.html	― ⲉϧⲣⲏⲓ ⲉ-	"<span class=""word""><span class=""spelling"">― ⲉϧⲣⲏⲓ ⲉ-</span> <span class=""nag-hammadi""></span></span>"	― ⲉϧⲣⲏⲓ ⲉ-	"<span class=""word""><span class=""spelling"">― ⲉϧⲣⲏⲓ ⲉ-</span></span>"	-		go down to	go down to	https://coptot.manuscriptroom.com/crum-coptic-dictionary?pageID=545b	― ⲉϧⲣⲏⲓ ⲉ-	― ⲉϧⲣⲏⲓ ⲉ-	― ⲉϧⲣⲏⲓ ⲉ-	― ⲉϧⲣⲏⲓ ⲉ-	― ⲉϧⲣⲏⲓ ⲉ-	― ⲉϧⲣⲏⲓ ⲉ-	― ⲉϧⲣⲏⲓ ⲉ-	― ⲉϧⲣⲏⲓ ⲉ-	― ⲉϧⲣⲏⲓ ⲉ-	― ⲉϧⲣⲏⲓ ⲉ-	1
5097	224	5090	(B,F) ^^ eHrhi	0	go up /$gk: [[anabainein]]$/	go up /$gk: [[anabainein]]$/	anabainein	545b	29	2010-04-29	1900-01-01	vagrant		https://pishoyg.github.io/crum/5097.html	(B, F) ― ⲉϩⲣⲏⲓ	"<span class=""word B F"">(<span class=""dialect B"">B</span>, <span class=""dialect F"">F</span>) <span class=""spelling B F"">― ⲉϩⲣⲏⲓ</span> <span class=""nag-hammadi""></span></span>"	― ⲉϩⲣⲏⲓ	"<span class=""word B F"">(<span class=""dialect B"">B</span>, <span class=""dialect F"">F</span>) <span class=""spelling B F"">― ⲉϩⲣⲏⲓ</span></span>"	-	αναβαινειν	go up [αναβαινειν]	go up	https://coptot.manuscriptroom.com/crum-coptic-dictionary?pageID=545b						― ⲉϩⲣⲏⲓ	― ⲉϩⲣⲏⲓ				1
3275	225	0	"taite qe (S) qe te taei *^<a href=ext Gospel of Judas;824;8;4;qe te taei etFnar xrasqai mparan;Gospel of Judas;824;16;15;qe te taei ntaFtamio mpkeseepe nnaiwn mpouoin"">Ext</a>^*"""	0	this is the way, thus	this is the way, thus		639a	1	2010-03-19	2011-02-24	vagrant	vagrant	https://pishoyg.github.io/crum/3275.html	"ⲧⲁⲓⲧⲉ ⲑⲉ
(S) ⲑⲉ ⲧⲉ ⲧⲁⲉⲓ {ext Gospel of Judas; 824; 8; 4; ⲑⲉ ⲧⲉ ⲧⲁⲉⲓ ⲉⲧϥⲛⲁⲣ ⲭⲣⲁⲥⲑⲁⲓ ⲙⲡⲁⲣⲁⲛ; Ext}, {Gospel of Judas; 824; 16; 15; ⲑⲉ ⲧⲉ ⲧⲁⲉⲓ ⲛⲧⲁϥⲧⲁⲙⲓⲟ ⲙⲡⲕⲉⲥⲉⲉⲡⲉ ⲛⲛⲁⲓⲱⲛ ⲙⲡⲟⲩⲟⲓⲛ; Ext}"	"<span class=""word""><span class=""spelling"">ⲧⲁⲓⲧⲉ ⲑⲉ</span> <span class=""nag-hammadi""></span></span>
<span class=""word S"">(<span class=""dialect S"">S</span>) <span class=""spelling S"">ⲑⲉ ⲧⲉ ⲧⲁⲉⲓ</span> <span class=""nag-hammadi"">{ext Gospel of Judas; 824; 8; 4; ⲑⲉ ⲧⲉ ⲧⲁⲉⲓ ⲉⲧϥⲛⲁⲣ ⲭⲣⲁⲥⲑⲁⲓ ⲙⲡⲁⲣⲁⲛ; Ext}, {Gospel of Judas; 824; 16; 15; ⲑⲉ ⲧⲉ ⲧⲁⲉⲓ ⲛⲧⲁϥⲧⲁⲙⲓⲟ ⲙⲡⲕⲉⲥⲉⲉⲡⲉ ⲛⲛⲁⲓⲱⲛ ⲙⲡⲟⲩⲟⲓⲛ; Ext}</span></span>"	ⲧⲁⲓⲧⲉ ⲑⲉ, ⲑⲉ ⲧⲉ ⲧⲁⲉⲓ	"<span class=""word""><span class=""spelling"">ⲧⲁⲓⲧⲉ ⲑⲉ</span></span>
<span class=""word S"">(<span class=""dialect S"">S</span>) <span class=""spelling S"">ⲑⲉ ⲧⲉ ⲧⲁⲉⲓ</span></span>"	-		this is the way, thus	this is the way, thus	https://coptot.manuscriptroom.com/crum-coptic-dictionary?pageID=639a	"ⲧⲁⲓⲧⲉ ⲑⲉ
ⲑⲉ ⲧⲉ ⲧⲁⲉⲓ"	ⲧⲁⲓⲧⲉ ⲑⲉ	ⲧⲁⲓⲧⲉ ⲑⲉ	ⲧⲁⲓⲧⲉ ⲑⲉ	ⲧⲁⲓⲧⲉ ⲑⲉ	ⲧⲁⲓⲧⲉ ⲑⲉ	ⲧⲁⲓⲧⲉ ⲑⲉ	ⲧⲁⲓⲧⲉ ⲑⲉ	ⲧⲁⲓⲧⲉ ⲑⲉ	ⲧⲁⲓⲧⲉ ⲑⲉ	0
3276	225	0	teiHe,taiK.	0				639a	2	2010-03-19	1900-01-01	vagrant		https://pishoyg.github.io/crum/3276.html	ⲧⲉⲓϩⲉ, ⲧⲁⲓϧ.	"<span class=""word""><span class=""spelling"">ⲧⲉⲓϩⲉ</span>, <span class=""spelling"">ⲧⲁⲓϧ.</span> <span class=""nag-hammadi""></span></span>"	ⲧⲉⲓϩⲉ, ⲧⲁⲓϧ.	"<span class=""word""><span class=""spelling"">ⲧⲉⲓϩⲉ</span>, <span class=""spelling"">ⲧⲁⲓϧ.</span></span>"	-				https://coptot.manuscriptroom.com/crum-coptic-dictionary?pageID=639a	ⲧⲉⲓϩⲉ, ⲧⲁⲓϧ.	ⲧⲉⲓϩⲉ, ⲧⲁⲓϧ.	ⲧⲉⲓϩⲉ, ⲧⲁⲓϧ.	ⲧⲉⲓϩⲉ, ⲧⲁⲓϧ.	ⲧⲉⲓϩⲉ, ⲧⲁⲓϧ.	ⲧⲉⲓϩⲉ, ⲧⲁⲓϧ.	ⲧⲉⲓϩⲉ, ⲧⲁⲓϧ.	ⲧⲉⲓϩⲉ, ⲧⲁⲓϧ.	ⲧⲉⲓϩⲉ, ⲧⲁⲓϧ.	ⲧⲉⲓϩⲉ, ⲧⲁⲓϧ.	0
3277	225	0	oun qe	0	there is a way, it is possible	there is a way, it is possible		639a	3	2010-03-19	1900-01-01	vagrant		https://pishoyg.github.io/crum/3277.html	ⲟⲩⲛ ⲑⲉ	"<span class=""word""><span class=""spelling"">ⲟⲩⲛ ⲑⲉ</span> <span class=""nag-hammadi""></span></span>"	ⲟⲩⲛ ⲑⲉ	"<span class=""word""><span class=""spelling"">ⲟⲩⲛ ⲑⲉ</span></span>"	-		there is a way, it is possible	there is a way, it is possible	https://coptot.manuscriptroom.com/crum-coptic-dictionary?pageID=639a	ⲟⲩⲛ ⲑⲉ	ⲟⲩⲛ ⲑⲉ	ⲟⲩⲛ ⲑⲉ	ⲟⲩⲛ ⲑⲉ	ⲟⲩⲛ ⲑⲉ	ⲟⲩⲛ ⲑⲉ	ⲟⲩⲛ ⲑⲉ	ⲟⲩⲛ ⲑⲉ	ⲟⲩⲛ ⲑⲉ	ⲟⲩⲛ ⲑⲉ	0
3278	225	0	mn qe	0	there is not a way	there is not a way		639a	4	2010-03-19	1900-01-01	vagrant		https://pishoyg.github.io/crum/3278.html	ⲙⲛ ⲑⲉ	"<span class=""word""><span class=""spelling"">ⲙⲛ ⲑⲉ</span> <span class=""nag-hammadi""></span></span>"	ⲙⲛ ⲑⲉ	"<span class=""word""><span class=""spelling"">ⲙⲛ ⲑⲉ</span></span>"	-		there is not a way	there is not a way	https://coptot.manuscriptroom.com/crum-coptic-dictionary?pageID=639a	ⲙⲛ ⲑⲉ	ⲙⲛ ⲑⲉ	ⲙⲛ ⲑⲉ	ⲙⲛ ⲑⲉ	ⲙⲛ ⲑⲉ	ⲙⲛ ⲑⲉ	ⲙⲛ ⲑⲉ	ⲙⲛ ⲑⲉ	ⲙⲛ ⲑⲉ	ⲙⲛ ⲑⲉ	0
3279	225	0	nqe n-	0	in manner of, even as /$gk: [[ws, wsei]]$/ |$ (iterated) |$ ([nqe] before prep or advb) /$gk: [[ws]]$/ |$ (without preceding [n-]) /$gk: [[ws, wsper]]$/	in manner of, even as /$gk: [[ws, wsei]]$/ |$ (iterated) |$ ([nqe] before prep or advb) /$gk: [[ws]]$/ |$ (without preceding [n-]) /$gk: [[ws, wsper]]$/	ws, wsei, wsper	639a	5	2010-03-19	2012-03-26	vagrant	vagrant	https://pishoyg.github.io/crum/3279.html	ⲛⲑⲉ ⲛ-	"<span class=""word""><span class=""spelling"">ⲛⲑⲉ ⲛ-</span> <span class=""nag-hammadi""></span></span>"	ⲛⲑⲉ ⲛ-	"<span class=""word""><span class=""spelling"">ⲛⲑⲉ ⲛ-</span></span>"	-	ωσ, ωσει, ωσπερ	"in manner of, even as [ωσ, ωσει]
― <i>iterated</i>
― <i>ⲛⲑⲉ before prep or advb</i> [ωσ]
― <i>without preceding ⲛ-</i> [ωσ, ωσπερ]"	"in manner of, even as 
― <i>iterated</i>
― <i>ⲛⲑⲉ before prep or advb</i> 
― <i>without preceding ⲛ-</i>"	https://coptot.manuscriptroom.com/crum-coptic-dictionary?pageID=639a	ⲛⲑⲉ ⲛ-	ⲛⲑⲉ ⲛ-	ⲛⲑⲉ ⲛ-	ⲛⲑⲉ ⲛ-	ⲛⲑⲉ ⲛ-	ⲛⲑⲉ ⲛ-	ⲛⲑⲉ ⲛ-	ⲛⲑⲉ ⲛ-	ⲛⲑⲉ ⲛ-	ⲛⲑⲉ ⲛ-	0
3280	225	0	nteiHe	0	in this way, thus, of this sort /$gk: [[outws, tosoutos]]$/ | (without [n-]) | (+ [thrs] S,B), so greatly, so much (/*mostly in question*/) | (+ [Haplws] S,B), merely thus | (+ [Shm])	in this way, thus, of this sort /$gk: [[outws, tosoutos]]$/ | (without [n-]) | (+ [thrs] S,B), so greatly, so much (/*mostly in question*/) | (+ [Haplws] S,B), merely thus | (+ [Shm])	outws, tosoutos	639a	6	2010-03-19	2010-08-11	vagrant	vagrant	https://pishoyg.github.io/crum/3280.html	ⲛⲧⲉⲓϩⲉ	"<span class=""word""><span class=""spelling"">ⲛⲧⲉⲓϩⲉ</span> <span class=""nag-hammadi""></span></span>"	ⲛⲧⲉⲓϩⲉ	"<span class=""word""><span class=""spelling"">ⲛⲧⲉⲓϩⲉ</span></span>"	-	ουτωσ, τοσουτοσ	"in this way, thus, of this sort [ουτωσ, τοσουτοσ]
<i>without ⲛ-</i>
<i>+ ⲧⲏⲣⲥ S,B</i>, so greatly, so much <i>(mostly in question)</i>
<i>+ ϩⲁⲡⲗⲱⲥ S,B</i>, merely thus
<i>+ ϣⲏⲙ</i>"	"in this way, thus, of this sort 
<i>without ⲛ-</i>
<i>+ ⲧⲏⲣⲥ S,B</i>, so greatly, so much <i>(mostly in question)</i>
<i>+ ϩⲁⲡⲗⲱⲥ S,B</i>, merely thus
<i>+ ϣⲏⲙ</i>"	https://coptot.manuscriptroom.com/crum-coptic-dictionary?pageID=639a	ⲛⲧⲉⲓϩⲉ	ⲛⲧⲉⲓϩⲉ	ⲛⲧⲉⲓϩⲉ	ⲛⲧⲉⲓϩⲉ	ⲛⲧⲉⲓϩⲉ	ⲛⲧⲉⲓϩⲉ	ⲛⲧⲉⲓϩⲉ	ⲛⲧⲉⲓϩⲉ	ⲛⲧⲉⲓϩⲉ	ⲛⲧⲉⲓϩⲉ	0
3281	225	0	aS nHe	0	of what sort /$gk: [[potapos]]$/	of what sort /$gk: [[potapos]]$/	potapos	639b	7	2010-03-19	1900-01-01	vagrant		https://pishoyg.github.io/crum/3281.html	ⲁϣ ⲛϩⲉ	"<span class=""word""><span class=""spelling"">ⲁϣ ⲛϩⲉ</span> <span class=""nag-hammadi""></span></span>"	ⲁϣ ⲛϩⲉ	"<span class=""word""><span class=""spelling"">ⲁϣ ⲛϩⲉ</span></span>"	-	ποταποσ	of what sort [ποταποσ]	of what sort	https://coptot.manuscriptroom.com/crum-coptic-dictionary?pageID=639b	ⲁϣ ⲛϩⲉ	ⲁϣ ⲛϩⲉ	ⲁϣ ⲛϩⲉ	ⲁϣ ⲛϩⲉ	ⲁϣ ⲛϩⲉ	ⲁϣ ⲛϩⲉ	ⲁϣ ⲛϩⲉ	ⲁϣ ⲛϩⲉ	ⲁϣ ⲛϩⲉ	ⲁϣ ⲛϩⲉ	0
3282	225	0	kata qe	0	even as, like /$gk: [[kaqws]]$/	even as, like /$gk: [[kaqws]]$/	kaqws	639b	8	2010-03-19	1900-01-01	vagrant		https://pishoyg.github.io/crum/3282.html	ⲕⲁⲧⲁ ⲑⲉ	"<span class=""word""><span class=""spelling"">ⲕⲁⲧⲁ ⲑⲉ</span> <span class=""nag-hammadi""></span></span>"	ⲕⲁⲧⲁ ⲑⲉ	"<span class=""word""><span class=""spelling"">ⲕⲁⲧⲁ ⲑⲉ</span></span>"	-	καθωσ	even as, like [καθωσ]	even as, like	https://coptot.manuscriptroom.com/crum-coptic-dictionary?pageID=639b	ⲕⲁⲧⲁ ⲑⲉ	ⲕⲁⲧⲁ ⲑⲉ	ⲕⲁⲧⲁ ⲑⲉ	ⲕⲁⲧⲁ ⲑⲉ	ⲕⲁⲧⲁ ⲑⲉ	ⲕⲁⲧⲁ ⲑⲉ	ⲕⲁⲧⲁ ⲑⲉ	ⲕⲁⲧⲁ ⲑⲉ	ⲕⲁⲧⲁ ⲑⲉ	ⲕⲁⲧⲁ ⲑⲉ	0
3283	225	0	kata teiHe	0	in this way, likewise	in this way, likewise		639b	9	2010-03-19	1900-01-01	vagrant		https://pishoyg.github.io/crum/3283.html	ⲕⲁⲧⲁ ⲧⲉⲓϩⲉ	"<span class=""word""><span class=""spelling"">ⲕⲁⲧⲁ ⲧⲉⲓϩⲉ</span> <span class=""nag-hammadi""></span></span>"	ⲕⲁⲧⲁ ⲧⲉⲓϩⲉ	"<span class=""word""><span class=""spelling"">ⲕⲁⲧⲁ ⲧⲉⲓϩⲉ</span></span>"	-		in this way, likewise	in this way, likewise	https://coptot.manuscriptroom.com/crum-coptic-dictionary?pageID=639b	ⲕⲁⲧⲁ ⲧⲉⲓϩⲉ	ⲕⲁⲧⲁ ⲧⲉⲓϩⲉ	ⲕⲁⲧⲁ ⲧⲉⲓϩⲉ	ⲕⲁⲧⲁ ⲧⲉⲓϩⲉ	ⲕⲁⲧⲁ ⲧⲉⲓϩⲉ	ⲕⲁⲧⲁ ⲧⲉⲓϩⲉ	ⲕⲁⲧⲁ ⲧⲉⲓϩⲉ	ⲕⲁⲧⲁ ⲧⲉⲓϩⲉ	ⲕⲁⲧⲁ ⲧⲉⲓϩⲉ	ⲕⲁⲧⲁ ⲧⲉⲓϩⲉ	0
3284	225	0	pros qe	0	according, as /$gk: [[einai ws]]$/	according, as /$gk: [[einai ws]]$/	einai ws	639b	10	2010-03-19	1900-01-01	vagrant		https://pishoyg.github.io/crum/3284.html	ⲡⲣⲟⲥ ⲑⲉ	"<span class=""word""><span class=""spelling"">ⲡⲣⲟⲥ ⲑⲉ</span> <span class=""nag-hammadi""></span></span>"	ⲡⲣⲟⲥ ⲑⲉ	"<span class=""word""><span class=""spelling"">ⲡⲣⲟⲥ ⲑⲉ</span></span>"	-	ειναι ωσ	according, as [ειναι ωσ]	according, as	https://coptot.manuscriptroom.com/crum-coptic-dictionary?pageID=639b	ⲡⲣⲟⲥ ⲑⲉ	ⲡⲣⲟⲥ ⲑⲉ	ⲡⲣⲟⲥ ⲑⲉ	ⲡⲣⲟⲥ ⲑⲉ	ⲡⲣⲟⲥ ⲑⲉ	ⲡⲣⲟⲥ ⲑⲉ	ⲡⲣⲟⲥ ⲑⲉ	ⲡⲣⲟⲥ ⲑⲉ	ⲡⲣⲟⲥ ⲑⲉ	ⲡⲣⲟⲥ ⲑⲉ	0
7658	225	0	r qe	0	make, be like /$gk: [[einai ws]]$/	make, be like /$gk: [[einai ws]]$/	einai ws	639b	11	2010-08-11	1900-01-01	vagrant		https://pishoyg.github.io/crum/7658.html	ⲣ ⲑⲉ	"<span class=""word""><span class=""spelling"">ⲣ ⲑⲉ</span> <span class=""nag-hammadi""></span></span>"	ⲣ ⲑⲉ	"<span class=""word""><span class=""spelling"">ⲣ ⲑⲉ</span></span>"	-	ειναι ωσ	make, be like [ειναι ωσ]	make, be like	https://coptot.manuscriptroom.com/crum-coptic-dictionary?pageID=639b	ⲣ ⲑⲉ	ⲣ ⲑⲉ	ⲣ ⲑⲉ	ⲣ ⲑⲉ	ⲣ ⲑⲉ	ⲣ ⲑⲉ	ⲣ ⲑⲉ	ⲣ ⲑⲉ	ⲣ ⲑⲉ	ⲣ ⲑⲉ	0
3285	225	0	T qe	0	give means	give means		640a	12	2010-03-19	1900-01-01	vagrant		https://pishoyg.github.io/crum/3285.html	ϯ ⲑⲉ	"<span class=""word""><span class=""spelling"">ϯ ⲑⲉ</span> <span class=""nag-hammadi""></span></span>"	ϯ ⲑⲉ	"<span class=""word""><span class=""spelling"">ϯ ⲑⲉ</span></span>"	-		give means	give means	https://coptot.manuscriptroom.com/crum-coptic-dictionary?pageID=640a	ϯ ⲑⲉ	ϯ ⲑⲉ	ϯ ⲑⲉ	ϯ ⲑⲉ	ϯ ⲑⲉ	ϯ ⲑⲉ	ϯ ⲑⲉ	ϯ ⲑⲉ	ϯ ⲑⲉ	ϯ ⲑⲉ	0
3286	225	0	Gn qe	0	find means	find means		640a	13	2010-03-19	1900-01-01	vagrant		https://pishoyg.github.io/crum/3286.html	ϭⲛ ⲑⲉ	"<span class=""word""><span class=""spelling"">ϭⲛ ⲑⲉ</span> <span class=""nag-hammadi""></span></span>"	ϭⲛ ⲑⲉ	"<span class=""word""><span class=""spelling"">ϭⲛ ⲑⲉ</span></span>"	-		find means	find means	https://coptot.manuscriptroom.com/crum-coptic-dictionary?pageID=640a	ϭⲛ ⲑⲉ	ϭⲛ ⲑⲉ	ϭⲛ ⲑⲉ	ϭⲛ ⲑⲉ	ϭⲛ ⲑⲉ	ϭⲛ ⲑⲉ	ϭⲛ ⲑⲉ	ϭⲛ ⲑⲉ	ϭⲛ ⲑⲉ	ϭⲛ ⲑⲉ	0
3287	225	0	Jinqe,Jineqe,Jineqh *^once^*,Jin$^e^$nqe	0	from when /*?*/, since	from when /*?*/, since		640a	14	2010-03-19	1900-01-01	vagrant		https://pishoyg.github.io/crum/3287.html	ϫⲓⲛⲑⲉ, ϫⲓⲛⲉⲑⲉ, ϫⲓⲛⲉⲑⲏ {once}, ϫⲓⲛ(ⲉ)ⲛⲑⲉ	"<span class=""word""><span class=""spelling"">ϫⲓⲛⲑⲉ</span>, <span class=""spelling"">ϫⲓⲛⲉⲑⲉ</span>, <span class=""spelling"">ϫⲓⲛⲉⲑⲏ {once}</span>, <span class=""spelling"">ϫⲓⲛ(ⲉ)ⲛⲑⲉ</span> <span class=""nag-hammadi""></span></span>"	ϫⲓⲛⲑⲉ, ϫⲓⲛⲉⲑⲉ, ϫⲓⲛⲉⲑⲏ {once}, ϫⲓⲛⲛⲑⲉ, ϫⲓⲛⲉⲛⲑⲉ	"<span class=""word""><span class=""spelling"">ϫⲓⲛⲑⲉ</span>, <span class=""spelling"">ϫⲓⲛⲉⲑⲉ</span>, <span class=""spelling"">ϫⲓⲛⲉⲑⲏ {once}</span>, <span class=""spelling"">ϫⲓⲛⲛⲑⲉ</span>, <span class=""spelling"">ϫⲓⲛⲉⲛⲑⲉ</span></span>"	-		from when (?), since	from when (?), since	https://coptot.manuscriptroom.com/crum-coptic-dictionary?pageID=640a	ϫⲓⲛⲑⲉ, ϫⲓⲛⲉⲑⲉ, ϫⲓⲛⲉⲑⲏ {once}, ϫⲓⲛⲛⲑⲉ, ϫⲓⲛⲉⲛⲑⲉ	ϫⲓⲛⲑⲉ, ϫⲓⲛⲉⲑⲉ, ϫⲓⲛⲉⲑⲏ {once}, ϫⲓⲛⲛⲑⲉ, ϫⲓⲛⲉⲛⲑⲉ	ϫⲓⲛⲑⲉ, ϫⲓⲛⲉⲑⲉ, ϫⲓⲛⲉⲑⲏ {once}, ϫⲓⲛⲛⲑⲉ, ϫⲓⲛⲉⲛⲑⲉ	ϫⲓⲛⲑⲉ, ϫⲓⲛⲉⲑⲉ, ϫⲓⲛⲉⲑⲏ {once}, ϫⲓⲛⲛⲑⲉ, ϫⲓⲛⲉⲛⲑⲉ	ϫⲓⲛⲑⲉ, ϫⲓⲛⲉⲑⲉ, ϫⲓⲛⲉⲑⲏ {once}, ϫⲓⲛⲛⲑⲉ, ϫⲓⲛⲉⲛⲑⲉ	ϫⲓⲛⲑⲉ, ϫⲓⲛⲉⲑⲉ, ϫⲓⲛⲉⲑⲏ {once}, ϫⲓⲛⲛⲑⲉ, ϫⲓⲛⲉⲛⲑⲉ	ϫⲓⲛⲑⲉ, ϫⲓⲛⲉⲑⲉ, ϫⲓⲛⲉⲑⲏ {once}, ϫⲓⲛⲛⲑⲉ, ϫⲓⲛⲉⲛⲑⲉ	ϫⲓⲛⲑⲉ, ϫⲓⲛⲉⲑⲉ, ϫⲓⲛⲉⲑⲏ {once}, ϫⲓⲛⲛⲑⲉ, ϫⲓⲛⲉⲛⲑⲉ	ϫⲓⲛⲑⲉ, ϫⲓⲛⲉⲑⲉ, ϫⲓⲛⲉⲑⲏ {once}, ϫⲓⲛⲛⲑⲉ, ϫⲓⲛⲉⲛⲑⲉ	ϫⲓⲛⲑⲉ, ϫⲓⲛⲉⲑⲉ, ϫⲓⲛⲉⲑⲏ {once}, ϫⲓⲛⲛⲑⲉ, ϫⲓⲛⲉⲛⲑⲉ	0
8703	226	0		99	With following preposition:	With following preposition:		842a	1	2010-08-15	1900-01-01	vagrant		https://pishoyg.github.io/crum/8703.html					HEADER		With following preposition:	With following preposition:	https://coptot.manuscriptroom.com/crum-coptic-dictionary?pageID=842a											0
8704	226	8703	^^^ e-	0				842a	2	2010-08-15	1900-01-01	vagrant		https://pishoyg.github.io/crum/8704.html	<i><b>c</b></i> ⲉ-	"<span class=""word""><span class=""spelling""><i><b>c</b></i> ⲉ-</span> <span class=""nag-hammadi""></span></span>"	ⲉ-	"<span class=""word""><span class=""spelling"">ⲉ-</span> (c)</span>"	-				https://coptot.manuscriptroom.com/crum-coptic-dictionary?pageID=842a	ⲉ- (c)	ⲉ- (c)	ⲉ- (c)	ⲉ- (c)	ⲉ- (c)	ⲉ- (c)	ⲉ- (c)	ⲉ- (c)	ⲉ- (c)	ⲉ- (c)	1
8705	226	8703	(sA) ^^^ abal n-	0				842a	3	2010-08-15	1900-01-01	vagrant		https://pishoyg.github.io/crum/8705.html	(sA) <i><b>c</b></i> ⲁⲃⲁⲗ ⲛ-	"<span class=""word sA"">(<span class=""dialect sA"">sA</span>) <span class=""spelling sA""><i><b>c</b></i> ⲁⲃⲁⲗ ⲛ-</span> <span class=""nag-hammadi""></span></span>"	ⲁⲃⲁⲗ ⲛ-	"<span class=""word sA"">(<span class=""dialect sA"">sA</span>) <span class=""spelling sA"">ⲁⲃⲁⲗ ⲛ-</span> (c)</span>"	-				https://coptot.manuscriptroom.com/crum-coptic-dictionary?pageID=842a					ⲁⲃⲁⲗ ⲛ- (c)						1
8706	226	8703	^^^ Hn-,^^^ Ken-	0				842a	4	2010-08-15	1900-01-01	vagrant		https://pishoyg.github.io/crum/8706.html	<i><b>c</b></i> ϩⲛ-, <i><b>c</b></i> ϧⲉⲛ-	"<span class=""word""><span class=""spelling""><i><b>c</b></i> ϩⲛ-</span>, <span class=""spelling""><i><b>c</b></i> ϧⲉⲛ-</span> <span class=""nag-hammadi""></span></span>"	ϩⲛ-, ϧⲉⲛ-	"<span class=""word""><span class=""spelling"">ϩⲛ-</span>, <span class=""spelling"">ϧⲉⲛ-</span> (c)</span>"	-				https://coptot.manuscriptroom.com/crum-coptic-dictionary?pageID=842a	ϩⲛ-, ϧⲉⲛ- (c)	ϩⲛ-, ϧⲉⲛ- (c)	ϩⲛ-, ϧⲉⲛ- (c)	ϩⲛ-, ϧⲉⲛ- (c)	ϩⲛ-, ϧⲉⲛ- (c)	ϩⲛ-, ϧⲉⲛ- (c)	ϩⲛ-, ϧⲉⲛ- (c)	ϩⲛ-, ϧⲉⲛ- (c)	ϩⲛ-, ϧⲉⲛ- (c)	ϩⲛ-, ϧⲉⲛ- (c)	1
8707	226	8703	(S) ^^^ ebol Hn-	0				842a	5	2010-08-15	1900-01-01	vagrant		https://pishoyg.github.io/crum/8707.html	(S) <i><b>c</b></i> ⲉⲃⲟⲗ ϩⲛ-	"<span class=""word S"">(<span class=""dialect S"">S</span>) <span class=""spelling S""><i><b>c</b></i> ⲉⲃⲟⲗ ϩⲛ-</span> <span class=""nag-hammadi""></span></span>"	ⲉⲃⲟⲗ ϩⲛ-	"<span class=""word S"">(<span class=""dialect S"">S</span>) <span class=""spelling S"">ⲉⲃⲟⲗ ϩⲛ-</span> (c)</span>"	-				https://coptot.manuscriptroom.com/crum-coptic-dictionary?pageID=842a	ⲉⲃⲟⲗ ϩⲛ- (c)										1
4101	226	0	(S,sA,B) ^^	1	inferiority, diminution /$gk: [[htthma, elattwsis]]$/	inferiority, diminution /$gk: [[htthma, elattwsis]]$/	htthma, elattwsis	842a	6	2010-04-01	1900-01-01	vagrant		https://pishoyg.github.io/crum/4101.html	(S, sA, B) ―	"<span class=""word S sA B"">(<span class=""dialect S"">S</span>, <span class=""dialect sA"">sA</span>, <span class=""dialect B"">B</span>) <span class=""spelling S sA B"">―</span> <span class=""nag-hammadi""></span></span>"	―	"<span class=""word S sA B"">(<span class=""dialect S"">S</span>, <span class=""dialect sA"">sA</span>, <span class=""dialect B"">B</span>) <span class=""spelling S sA B"">―</span> (ⲡ)</span>"	noun male	ηττημα, ελαττωσισ	inferiority, diminution [ηττημα, ελαττωσισ]	inferiority, diminution	https://coptot.manuscriptroom.com/crum-coptic-dictionary?pageID=842a	― (ⲡ)				― (ⲡ)	― (ⲡ)					0
4102	226	0	atG.,atJ.	0	unfailing, undiminished	unfailing, undiminished		842b	7	2010-04-01	1900-01-01	vagrant		https://pishoyg.github.io/crum/4102.html	ⲁⲧϭ., ⲁⲧϫ.	"<span class=""word""><span class=""spelling"">ⲁⲧϭ.</span>, <span class=""spelling"">ⲁⲧϫ.</span> <span class=""nag-hammadi""></span></span>"	ⲁⲧϭ., ⲁⲧϫ.	"<span class=""word""><span class=""spelling"">ⲁⲧϭ.</span>, <span class=""spelling"">ⲁⲧϫ.</span></span>"	-		unfailing, undiminished	unfailing, undiminished	https://coptot.manuscriptroom.com/crum-coptic-dictionary?pageID=842b	ⲁⲧϭ., ⲁⲧϫ.	ⲁⲧϭ., ⲁⲧϫ.	ⲁⲧϭ., ⲁⲧϫ.	ⲁⲧϭ., ⲁⲧϫ.	ⲁⲧϭ., ⲁⲧϫ.	ⲁⲧϭ., ⲁⲧϫ.	ⲁⲧϭ., ⲁⲧϫ.	ⲁⲧϭ., ⲁⲧϫ.	ⲁⲧϭ., ⲁⲧϫ.	ⲁⲧϭ., ⲁⲧϫ.	0
4103	226	0	(B) oi nJ.	0	 /$gk: [[asqenein]]$/	 /$gk: [[asqenein]]$/	asqenein	842b	8	2010-04-01	1900-01-01	vagrant		https://pishoyg.github.io/crum/4103.html	(B) ⲟⲓ ⲛϫ.	"<span class=""word B"">(<span class=""dialect B"">B</span>) <span class=""spelling B"">ⲟⲓ ⲛϫ.</span> <span class=""nag-hammadi""></span></span>"	ⲟⲓ ⲛϫ.	"<span class=""word B"">(<span class=""dialect B"">B</span>) <span class=""spelling B"">ⲟⲓ ⲛϫ.</span></span>"	-	ασθενειν	[ασθενειν]		https://coptot.manuscriptroom.com/crum-coptic-dictionary?pageID=842b						ⲟⲓ ⲛϫ.					0
4104	226	0	(S) GinG.	0	waning (of moon)	waning (of moon)		842b	9	2010-04-01	1900-01-01	vagrant		https://pishoyg.github.io/crum/4104.html	(S) ϭⲓⲛϭ.	"<span class=""word S"">(<span class=""dialect S"">S</span>) <span class=""spelling S"">ϭⲓⲛϭ.</span> <span class=""nag-hammadi""></span></span>"	ϭⲓⲛϭ.	"<span class=""word S"">(<span class=""dialect S"">S</span>) <span class=""spelling S"">ϭⲓⲛϭ.</span></span>"	-		waning <i>of moon</i>	waning <i>of moon</i>	https://coptot.manuscriptroom.com/crum-coptic-dictionary?pageID=842b	ϭⲓⲛϭ.										0
