key	key_word	key_deriv	word	type	cz	en	gr	crum	pos	added	updated	created_by	updated_by	key-link	word-parsed	word-parsed-no-ref	word-parsed-no-html	word-parsed-no-ref-no-html	word-parsed-prettify	type-parsed	gr-parsed	en-parsed	en-parsed-no-html	en-parsed-no-greek	en-parsed-light-greek	en-parsed-link-light-greek	en-parsed-no-greek-no-html	crum-link	crum-page	crum-column	dialect-S	lemma-S	dialect-Sa	lemma-Sa	dialect-Sf	lemma-Sf	dialect-A	lemma-A	dialect-sA	lemma-sA	dialect-B	lemma-B	dialect-F	lemma-F	dialect-Fb	lemma-Fb	dialect-O	lemma-O	dialect-NH	lemma-NH	inflections-B	depth
8219	105	8215	^^^ Hn-,^^^ Ken-	0				752b	5	2010-08-14	1900-01-01	vagrant		https://pishoyg.github.io/crum/8219.html	<i><b>c</b></i> ϩⲛ-, <i><b>c</b></i> ϧⲉⲛ-	<i><b>c</b></i> ϩⲛ-, <i><b>c</b></i> ϧⲉⲛ-	c ϩⲛ-, c ϧⲉⲛ-	c ϩⲛ-, c ϧⲉⲛ-	ϩⲛ-, ϧⲉⲛ- (c)	-								https://coptot.manuscriptroom.com/crum-coptic-dictionary?pageID=752b	752	b	ϩⲛ-, ϧⲉⲛ- (c)	ϩⲛ-	ϩⲛ-, ϧⲉⲛ- (c)	ϩⲛ-	ϩⲛ-, ϧⲉⲛ- (c)	ϩⲛ-	ϩⲛ-, ϧⲉⲛ- (c)	ϩⲛ-	ϩⲛ-, ϧⲉⲛ- (c)	ϩⲛ-	ϩⲛ-, ϧⲉⲛ- (c)	ϩⲛ-	ϩⲛ-, ϧⲉⲛ- (c)	ϩⲛ-	ϩⲛ-, ϧⲉⲛ- (c)	ϩⲛ-	ϩⲛ-, ϧⲉⲛ- (c)	ϩⲛ-	ϩⲛ-, ϧⲉⲛ- (c)	ϩⲛ-	ϩⲛ,ϧⲉⲛ	1
5346	105	0		99	With following adverb:	With following adverb:		753a	6	2010-05-29	1900-01-01	vagrant		https://pishoyg.github.io/crum/5346.html						HEADER		With following adverb:	With following adverb:	With following adverb:	With following adverb:	With following adverb:	With following adverb:	https://coptot.manuscriptroom.com/crum-coptic-dictionary?pageID=753a	753	a																						0
5347	105	5346	^^ ebol	0				753a	7	2010-05-29	1900-01-01	vagrant		https://pishoyg.github.io/crum/5347.html	― ⲉⲃⲟⲗ	― ⲉⲃⲟⲗ	― ⲉⲃⲟⲗ	― ⲉⲃⲟⲗ	― ⲉⲃⲟⲗ	-								https://coptot.manuscriptroom.com/crum-coptic-dictionary?pageID=753a	753	a	― ⲉⲃⲟⲗ	― ⲉⲃⲟⲗ	― ⲉⲃⲟⲗ	― ⲉⲃⲟⲗ	― ⲉⲃⲟⲗ	― ⲉⲃⲟⲗ	― ⲉⲃⲟⲗ	― ⲉⲃⲟⲗ	― ⲉⲃⲟⲗ	― ⲉⲃⲟⲗ	― ⲉⲃⲟⲗ	― ⲉⲃⲟⲗ	― ⲉⲃⲟⲗ	― ⲉⲃⲟⲗ	― ⲉⲃⲟⲗ	― ⲉⲃⲟⲗ	― ⲉⲃⲟⲗ	― ⲉⲃⲟⲗ	― ⲉⲃⲟⲗ	― ⲉⲃⲟⲗ	ⲉⲃⲟⲗ	1
8220	105	5346	..Je. nouJe ebol	0	put forth, take root	put forth, take root		753a	8	2010-08-14	1900-01-01	vagrant		https://pishoyg.github.io/crum/8220.html	ϫⲉ. ⲛⲟⲩϫⲉ ⲉⲃⲟⲗ	ϫⲉ. ⲛⲟⲩϫⲉ ⲉⲃⲟⲗ	ϫⲉ. ⲛⲟⲩϫⲉ ⲉⲃⲟⲗ	ϫⲉ. ⲛⲟⲩϫⲉ ⲉⲃⲟⲗ	ϫⲉ. ⲛⲟⲩϫⲉ ⲉⲃⲟⲗ	-		put forth, take root	put forth, take root	put forth, take root	put forth, take root	put forth, take root	put forth, take root	https://coptot.manuscriptroom.com/crum-coptic-dictionary?pageID=753a	753	a	ϫⲉ. ⲛⲟⲩϫⲉ ⲉⲃⲟⲗ	ϫⲉ. ⲛⲟⲩϫⲉ ⲉⲃⲟⲗ	ϫⲉ. ⲛⲟⲩϫⲉ ⲉⲃⲟⲗ	ϫⲉ. ⲛⲟⲩϫⲉ ⲉⲃⲟⲗ	ϫⲉ. ⲛⲟⲩϫⲉ ⲉⲃⲟⲗ	ϫⲉ. ⲛⲟⲩϫⲉ ⲉⲃⲟⲗ	ϫⲉ. ⲛⲟⲩϫⲉ ⲉⲃⲟⲗ	ϫⲉ. ⲛⲟⲩϫⲉ ⲉⲃⲟⲗ	ϫⲉ. ⲛⲟⲩϫⲉ ⲉⲃⲟⲗ	ϫⲉ. ⲛⲟⲩϫⲉ ⲉⲃⲟⲗ	ϫⲉ. ⲛⲟⲩϫⲉ ⲉⲃⲟⲗ	ϫⲉ. ⲛⲟⲩϫⲉ ⲉⲃⲟⲗ	ϫⲉ. ⲛⲟⲩϫⲉ ⲉⲃⲟⲗ	ϫⲉ. ⲛⲟⲩϫⲉ ⲉⲃⲟⲗ	ϫⲉ. ⲛⲟⲩϫⲉ ⲉⲃⲟⲗ	ϫⲉ. ⲛⲟⲩϫⲉ ⲉⲃⲟⲗ	ϫⲉ. ⲛⲟⲩϫⲉ ⲉⲃⲟⲗ	ϫⲉ. ⲛⲟⲩϫⲉ ⲉⲃⲟⲗ	ϫⲉ. ⲛⲟⲩϫⲉ ⲉⲃⲟⲗ	ϫⲉ. ⲛⲟⲩϫⲉ ⲉⲃⲟⲗ	ϫⲉ	1
5348	105	5346	(S) ^^ eHoun e-	0				753b	9	2010-05-29	1900-01-01	vagrant		https://pishoyg.github.io/crum/5348.html	(S) ― ⲉϩⲟⲩⲛ ⲉ-	(S) ― ⲉϩⲟⲩⲛ ⲉ-	(S) ― ⲉϩⲟⲩⲛ ⲉ-	(S) ― ⲉϩⲟⲩⲛ ⲉ-	(S) ― ⲉϩⲟⲩⲛ ⲉ-	-								https://coptot.manuscriptroom.com/crum-coptic-dictionary?pageID=753b	753	b	― ⲉϩⲟⲩⲛ ⲉ-	― ⲉϩⲟⲩⲛ ⲉ-																				1
7249	106	0		99	intr :	intr :		540b	1	2010-08-09	1900-01-01	vagrant		https://pishoyg.github.io/crum/7249.html						HEADER		intr :	intr :	intr :	intr :	intr :	intr :	https://coptot.manuscriptroom.com/crum-coptic-dictionary?pageID=540b	540	b																						0
7250	106	7249	^^^ eJn-	0				540b	2	2010-08-09	1900-01-01	vagrant		https://pishoyg.github.io/crum/7250.html	<i><b>c</b></i> ⲉϫⲛ-	<i><b>c</b></i> ⲉϫⲛ-	c ⲉϫⲛ-	c ⲉϫⲛ-	ⲉϫⲛ- (c)	-								https://coptot.manuscriptroom.com/crum-coptic-dictionary?pageID=540b	540	b	ⲉϫⲛ- (c)	ⲉϫⲛ-	ⲉϫⲛ- (c)	ⲉϫⲛ-	ⲉϫⲛ- (c)	ⲉϫⲛ-	ⲉϫⲛ- (c)	ⲉϫⲛ-	ⲉϫⲛ- (c)	ⲉϫⲛ-	ⲉϫⲛ- (c)	ⲉϫⲛ-	ⲉϫⲛ- (c)	ⲉϫⲛ-	ⲉϫⲛ- (c)	ⲉϫⲛ-	ⲉϫⲛ- (c)	ⲉϫⲛ-	ⲉϫⲛ- (c)	ⲉϫⲛ-	ⲉϫⲛ	1
2883	106	0	(B) ^^	3	thing strangled /$gk: [[pniktos]]$/	thing strangled /$gk: [[pniktos]]$/	pniktos	540b	3	2010-03-08	1900-01-01	vagrant		https://pishoyg.github.io/crum/2883.html	(B) ―	(B) ―	(B) ―	(B) ―	(B) ― (noun)	noun	πνικτοσ	thing strangled [πνικτοσ]	thing strangled [πνικτοσ]	thing strangled	"thing strangled <span style=""opacity:0.7"">[πνικτοσ]</span>"	"thing strangled <span style=""opacity:0.7"">[<a href=""https://logeion.uchicago.edu/%CF%80%CE%BD%CE%B9%CE%BA%CF%84%CE%BF%CF%83"">πνικτοσ</a>]</span>"	thing strangled	https://coptot.manuscriptroom.com/crum-coptic-dictionary?pageID=540b	540	b											― (noun)	―										0
3231	107	0	r F.	0	produce worms, be worm-eaten	produce worms, be worm-eaten		623b	1	2010-03-18	1900-01-01	vagrant		https://pishoyg.github.io/crum/3231.html	ⲣ ϥ.	ⲣ ϥ.	ⲣ ϥ.	ⲣ ϥ.	ⲣ ϥ.	-		produce worms, be worm-eaten	produce worms, be worm-eaten	produce worms, be worm-eaten	produce worms, be worm-eaten	produce worms, be worm-eaten	produce worms, be worm-eaten	https://coptot.manuscriptroom.com/crum-coptic-dictionary?pageID=623b	623	b	ⲣ ϥ.	ⲣ ϥ.	ⲣ ϥ.	ⲣ ϥ.	ⲣ ϥ.	ⲣ ϥ.	ⲣ ϥ.	ⲣ ϥ.	ⲣ ϥ.	ⲣ ϥ.	ⲣ ϥ.	ⲣ ϥ.	ⲣ ϥ.	ⲣ ϥ.	ⲣ ϥ.	ⲣ ϥ.	ⲣ ϥ.	ⲣ ϥ.	ⲣ ϥ.	ⲣ ϥ.	ⲣ	0
618	108	0	(S,B) ^^	4	(in certain place-names), district, province	(in certain place-names), district, province		131b	1	2010-02-01	1900-01-01	vagrant		https://pishoyg.github.io/crum/618.html	(S, B) ―	(S, B) ―	(S, B) ―	(S, B) ―	(S, B) ― (ⲧ)	noun female		<i>in certain place-names</i>, district, province	in certain place-names, district, province	<i>in certain place-names</i>, district, province	<i>in certain place-names</i>, district, province	<i>in certain place-names</i>, district, province	in certain place-names, district, province	https://coptot.manuscriptroom.com/crum-coptic-dictionary?pageID=131b	131	b	― (ⲧ)	―									― (ⲧ)	―										0
619	108	0	(B) atk.	6	without ground, (off the ground)	without ground, (off the ground)		131b	2	2010-02-01	1900-01-01	vagrant		https://pishoyg.github.io/crum/619.html	(B) ⲁⲧⲕ.	(B) ⲁⲧⲕ.	(B) ⲁⲧⲕ.	(B) ⲁⲧⲕ.	(B) ⲁⲧⲕ. (adj.)	adjective		without ground, <i>off the ground</i>	without ground, off the ground	without ground, <i>off the ground</i>	without ground, <i>off the ground</i>	without ground, <i>off the ground</i>	without ground, off the ground	https://coptot.manuscriptroom.com/crum-coptic-dictionary?pageID=131b	131	b											ⲁⲧⲕ. (adj.)	ⲁⲧⲕ.									ⲁⲧⲕ,ⲉ̀ⲁⲧⲕ,ⲛ̀ⲁⲧⲕ,ⲙ̀ⲁⲧⲕ,ⲟⲩⲁⲧⲕ,ϩⲁⲛⲁⲧⲕ,ⲡ̀ⲁⲧⲕ,ⲫ̀ⲁⲧⲕ,ⲡⲁⲓⲁⲧⲕ,ⲡⲁⲁⲧⲕ,ⲡⲉⲛⲁⲧⲕ,ⲡⲉⲕⲁⲧⲕ,ⲡⲉⲁⲧⲕ,ⲡⲉⲧⲉⲛⲁⲧⲕ,ⲡⲉϥⲁⲧⲕ,ⲡⲉⲥⲁⲧⲕ,ⲡⲟⲩⲁⲧⲕ,ⲧ̀ⲁⲧⲕ,ⲑ̀ⲁⲧⲕ,ⲧⲁⲓⲁⲧⲕ,ⲧⲁⲁⲧⲕ,ⲧⲉⲛⲁⲧⲕ,ⲧⲉⲕⲁⲧⲕ,ⲧⲉⲁⲧⲕ,ⲧⲉⲧⲉⲛⲁⲧⲕ,ⲧⲉϥⲁⲧⲕ,ⲧⲉⲥⲁⲧⲕ,ⲧⲟⲩⲁⲧⲕ,ⲛⲓⲁⲧⲕ,ⲛⲉⲛⲁⲧⲕ,ⲛⲁⲓⲁⲧⲕ,ⲛⲁⲁⲧⲕ,ⲛⲉⲕⲁⲧⲕ,ⲛⲉⲁⲧⲕ,ⲛⲉⲧⲉⲛⲁⲧⲕ,ⲛⲉϥⲁⲧⲕ,ⲛⲉⲥⲁⲧⲕ,ⲛⲟⲩⲁⲧⲕ	0
620	108	0	(S,B) r k.,er k.	0	become earth, dust	become earth, dust		131b	3	2010-02-01	1900-01-01	vagrant		https://pishoyg.github.io/crum/620.html	(S, B) ⲣ ⲕ., ⲉⲣ ⲕ.	(S, B) ⲣ ⲕ., ⲉⲣ ⲕ.	(S, B) ⲣ ⲕ., ⲉⲣ ⲕ.	(S, B) ⲣ ⲕ., ⲉⲣ ⲕ.	(S, B) ⲣ ⲕ., ⲉⲣ ⲕ.	-		become earth, dust	become earth, dust	become earth, dust	become earth, dust	become earth, dust	become earth, dust	https://coptot.manuscriptroom.com/crum-coptic-dictionary?pageID=131b	131	b	ⲣ ⲕ., ⲉⲣ ⲕ.	ⲣ ⲕ.									ⲣ ⲕ., ⲉⲣ ⲕ.	ⲣ ⲕ.									ⲣ,ⲉⲣ	0
621	108	0	(S) rmk.,rmnk. (B) remnk.	0	man of earth, (earthborn) /$gk: [[ghgenhs, epigeios]]$/	man of earth, (earthborn) /$gk: [[ghgenhs, epigeios]]$/	ghgenhs, epigeios	131b	4	2010-02-01	2010-02-01	vagrant	vagrant	https://pishoyg.github.io/crum/621.html	"(S) ⲣⲙⲕ., ⲣⲙⲛⲕ.
(B) ⲣⲉⲙⲛⲕ."	"(S) ⲣⲙⲕ., ⲣⲙⲛⲕ.
(B) ⲣⲉⲙⲛⲕ."	"(S) ⲣⲙⲕ., ⲣⲙⲛⲕ.
(B) ⲣⲉⲙⲛⲕ."	"(S) ⲣⲙⲕ., ⲣⲙⲛⲕ.
(B) ⲣⲉⲙⲛⲕ."	"(S) ⲣⲙⲕ., ⲣⲙⲛⲕ.
(B) ⲣⲉⲙⲛⲕ."	-	γηγενησ, επιγειοσ	man of earth, <i>earthborn</i> [γηγενησ, επιγειοσ]	man of earth, earthborn [γηγενησ, επιγειοσ]	man of earth, <i>earthborn</i>	"man of earth, <i>earthborn</i> <span style=""opacity:0.7"">[γηγενησ, επιγειοσ]</span>"	"man of earth, <i>earthborn</i> <span style=""opacity:0.7"">[<a href=""https://logeion.uchicago.edu/%CE%B3%CE%B7%CE%B3%CE%B5%CE%BD%CE%B7%CF%83"">γηγενησ</a>, <a href=""https://logeion.uchicago.edu/%CE%B5%CF%80%CE%B9%CE%B3%CE%B5%CE%B9%CE%BF%CF%83"">επιγειοσ</a>]</span>"	man of earth, earthborn	https://coptot.manuscriptroom.com/crum-coptic-dictionary?pageID=131b	131	b	ⲣⲙⲕ., ⲣⲙⲛⲕ.	ⲣⲙⲕ.									ⲣⲉⲙⲛⲕ.	ⲣⲉⲙⲛⲕ.									ⲣⲉⲙⲛⲕ	0
622	108	0	(S) rwme mpk.	0	native of the soil	native of the soil		131b	5	2010-02-01	1900-01-01	vagrant		https://pishoyg.github.io/crum/622.html	(S) ⲣⲱⲙⲉ ⲙⲡⲕ.	(S) ⲣⲱⲙⲉ ⲙⲡⲕ.	(S) ⲣⲱⲙⲉ ⲙⲡⲕ.	(S) ⲣⲱⲙⲉ ⲙⲡⲕ.	(S) ⲣⲱⲙⲉ ⲙⲡⲕ.	-		native of the soil	native of the soil	native of the soil	native of the soil	native of the soil	native of the soil	https://coptot.manuscriptroom.com/crum-coptic-dictionary?pageID=131b	131	b	ⲣⲱⲙⲉ ⲙⲡⲕ.	ⲣⲱⲙⲉ ⲙⲡⲕ.																				0
623	108	0	(S) ouamk.	4	earth-eater, (a corroding process or agent)	earth-eater, (a corroding process or agent)		131b	6	2010-02-01	1900-01-01	vagrant		https://pishoyg.github.io/crum/623.html	(S) ⲟⲩⲁⲙⲕ.	(S) ⲟⲩⲁⲙⲕ.	(S) ⲟⲩⲁⲙⲕ.	(S) ⲟⲩⲁⲙⲕ.	(S) ⲟⲩⲁⲙⲕ. (ⲧ)	noun female		earth-eater, <i>a corroding process or agent</i>	earth-eater, a corroding process or agent	earth-eater, <i>a corroding process or agent</i>	earth-eater, <i>a corroding process or agent</i>	earth-eater, <i>a corroding process or agent</i>	earth-eater, a corroding process or agent	https://coptot.manuscriptroom.com/crum-coptic-dictionary?pageID=131b	131	b	ⲟⲩⲁⲙⲕ. (ⲧ)	ⲟⲩⲁⲙⲕ.																				0
624	108	0	(S) baik.	3	earth-carrier, (utensil or tool)	earth-carrier, (utensil or tool)		131b	7	2010-02-01	1900-01-01	vagrant		https://pishoyg.github.io/crum/624.html	(S) ⲃⲁⲓⲕ.	(S) ⲃⲁⲓⲕ.	(S) ⲃⲁⲓⲕ.	(S) ⲃⲁⲓⲕ.	(S) ⲃⲁⲓⲕ. (noun)	noun		earth-carrier, <i>utensil or tool</i>	earth-carrier, utensil or tool	earth-carrier, <i>utensil or tool</i>	earth-carrier, <i>utensil or tool</i>	earth-carrier, <i>utensil or tool</i>	earth-carrier, utensil or tool	https://coptot.manuscriptroom.com/crum-coptic-dictionary?pageID=131b	131	b	ⲃⲁⲓⲕ. (noun)	ⲃⲁⲓⲕ.																				0
5697	109	0	^^^ eHouo	0				227a	1	2010-06-21	1900-01-01	vagrant		https://pishoyg.github.io/crum/5697.html	<i><b>c</b></i> ⲉϩⲟⲩⲟ	<i><b>c</b></i> ⲉϩⲟⲩⲟ	c ⲉϩⲟⲩⲟ	c ⲉϩⲟⲩⲟ	ⲉϩⲟⲩⲟ (c)	-								https://coptot.manuscriptroom.com/crum-coptic-dictionary?pageID=227a	227	a	ⲉϩⲟⲩⲟ (c)	ⲉϩⲟⲩⲟ	ⲉϩⲟⲩⲟ (c)	ⲉϩⲟⲩⲟ	ⲉϩⲟⲩⲟ (c)	ⲉϩⲟⲩⲟ	ⲉϩⲟⲩⲟ (c)	ⲉϩⲟⲩⲟ	ⲉϩⲟⲩⲟ (c)	ⲉϩⲟⲩⲟ	ⲉϩⲟⲩⲟ (c)	ⲉϩⲟⲩⲟ	ⲉϩⲟⲩⲟ (c)	ⲉϩⲟⲩⲟ	ⲉϩⲟⲩⲟ (c)	ⲉϩⲟⲩⲟ	ⲉϩⲟⲩⲟ (c)	ⲉϩⲟⲩⲟ	ⲉϩⲟⲩⲟ (c)	ⲉϩⲟⲩⲟ	ⲉϩⲟⲩⲟ	0
5698	109	0	^^^ nHouo	0				227a	2	2010-06-21	1900-01-01	vagrant		https://pishoyg.github.io/crum/5698.html	<i><b>c</b></i> ⲛϩⲟⲩⲟ	<i><b>c</b></i> ⲛϩⲟⲩⲟ	c ⲛϩⲟⲩⲟ	c ⲛϩⲟⲩⲟ	ⲛϩⲟⲩⲟ (c)	-								https://coptot.manuscriptroom.com/crum-coptic-dictionary?pageID=227a	227	a	ⲛϩⲟⲩⲟ (c)	ⲛϩⲟⲩⲟ	ⲛϩⲟⲩⲟ (c)	ⲛϩⲟⲩⲟ	ⲛϩⲟⲩⲟ (c)	ⲛϩⲟⲩⲟ	ⲛϩⲟⲩⲟ (c)	ⲛϩⲟⲩⲟ	ⲛϩⲟⲩⲟ (c)	ⲛϩⲟⲩⲟ	ⲛϩⲟⲩⲟ (c)	ⲛϩⲟⲩⲟ	ⲛϩⲟⲩⲟ (c)	ⲛϩⲟⲩⲟ	ⲛϩⲟⲩⲟ (c)	ⲛϩⲟⲩⲟ	ⲛϩⲟⲩⲟ (c)	ⲛϩⲟⲩⲟ	ⲛϩⲟⲩⲟ (c)	ⲛϩⲟⲩⲟ	ⲛϩⲟⲩⲟ	0
5699	109	0	^^^ eHote	0				227a	3	2010-06-21	1900-01-01	vagrant		https://pishoyg.github.io/crum/5699.html	<i><b>c</b></i> ⲉϩⲟⲧⲉ	<i><b>c</b></i> ⲉϩⲟⲧⲉ	c ⲉϩⲟⲧⲉ	c ⲉϩⲟⲧⲉ	ⲉϩⲟⲧⲉ (c)	-								https://coptot.manuscriptroom.com/crum-coptic-dictionary?pageID=227a	227	a	ⲉϩⲟⲧⲉ (c)	ⲉϩⲟⲧⲉ	ⲉϩⲟⲧⲉ (c)	ⲉϩⲟⲧⲉ	ⲉϩⲟⲧⲉ (c)	ⲉϩⲟⲧⲉ	ⲉϩⲟⲧⲉ (c)	ⲉϩⲟⲧⲉ	ⲉϩⲟⲧⲉ (c)	ⲉϩⲟⲧⲉ	ⲉϩⲟⲧⲉ (c)	ⲉϩⲟⲧⲉ	ⲉϩⲟⲧⲉ (c)	ⲉϩⲟⲧⲉ	ⲉϩⲟⲧⲉ (c)	ⲉϩⲟⲧⲉ	ⲉϩⲟⲧⲉ (c)	ⲉϩⲟⲧⲉ	ⲉϩⲟⲧⲉ (c)	ⲉϩⲟⲧⲉ	ⲉϩⲟⲧⲉ	0
8747	109	0	(S,A,sA,B,F) en.,etn.	6		good, fair /$gk: [[kalon, polutelhs, epithdeios, xrhstos]]$/	kalon, polutelhs, epithdeios, xrhstos	227a	4	2010-11-03	1900-01-01	vagrant		https://pishoyg.github.io/crum/8747.html	(S, A, sA, B, F) ⲉⲛ., ⲉⲧⲛ.	(S, A, sA, B, F) ⲉⲛ., ⲉⲧⲛ.	(S, A, sA, B, F) ⲉⲛ., ⲉⲧⲛ.	(S, A, sA, B, F) ⲉⲛ., ⲉⲧⲛ.	(S, A, sA, B, F) ⲉⲛ., ⲉⲧⲛ. (adj.)	adjective	καλον, πολυτελησ, επιτηδειοσ, χρηστοσ	good, fair [καλον, πολυτελησ, επιτηδειοσ, χρηστοσ]	good, fair [καλον, πολυτελησ, επιτηδειοσ, χρηστοσ]	good, fair	"good, fair <span style=""opacity:0.7"">[καλον, πολυτελησ, επιτηδειοσ, χρηστοσ]</span>"	"good, fair <span style=""opacity:0.7"">[<a href=""https://logeion.uchicago.edu/%CE%BA%CE%B1%CE%BB%CE%BF%CE%BD"">καλον</a>, <a href=""https://logeion.uchicago.edu/%CF%80%CE%BF%CE%BB%CF%85%CF%84%CE%B5%CE%BB%CE%B7%CF%83"">πολυτελησ</a>, <a href=""https://logeion.uchicago.edu/%CE%B5%CF%80%CE%B9%CF%84%CE%B7%CE%B4%CE%B5%CE%B9%CE%BF%CF%83"">επιτηδειοσ</a>, <a href=""https://logeion.uchicago.edu/%CF%87%CF%81%CE%B7%CF%83%CF%84%CE%BF%CF%83"">χρηστοσ</a>]</span>"	good, fair	https://coptot.manuscriptroom.com/crum-coptic-dictionary?pageID=227a	227	a	ⲉⲛ., ⲉⲧⲛ. (adj.)	ⲉⲛ.					ⲉⲛ., ⲉⲧⲛ. (adj.)	ⲉⲛ.	ⲉⲛ., ⲉⲧⲛ. (adj.)	ⲉⲛ.	ⲉⲛ., ⲉⲧⲛ. (adj.)	ⲉⲛ.	ⲉⲛ., ⲉⲧⲛ. (adj.)	ⲉⲛ.							ⲉⲛ,ⲉ̀ⲉⲛ,ⲛ̀ⲉⲛ,ⲙ̀ⲉⲛ,ⲟⲩⲉⲛ,ϩⲁⲛⲉⲛ,ⲡ̀ⲉⲛ,ⲫ̀ⲉⲛ,ⲡⲁⲓⲉⲛ,ⲡⲁⲉⲛ,ⲡⲉⲛⲉⲛ,ⲡⲉⲕⲉⲛ,ⲡⲉⲉⲛ,ⲡⲉⲧⲉⲛⲉⲛ,ⲡⲉϥⲉⲛ,ⲡⲉⲥⲉⲛ,ⲡⲟⲩⲉⲛ,ⲧ̀ⲉⲛ,ⲑ̀ⲉⲛ,ⲧⲁⲓⲉⲛ,ⲧⲁⲉⲛ,ⲧⲉⲛⲉⲛ,ⲧⲉⲕⲉⲛ,ⲧⲉⲉⲛ,ⲧⲉⲧⲉⲛⲉⲛ,ⲧⲉϥⲉⲛ,ⲧⲉⲥⲉⲛ,ⲧⲟⲩⲉⲛ,ⲛⲓⲉⲛ,ⲛⲉⲛⲉⲛ,ⲛⲁⲓⲉⲛ,ⲛⲁⲉⲛ,ⲛⲉⲕⲉⲛ,ⲛⲉⲉⲛ,ⲛⲉⲧⲉⲛⲉⲛ,ⲛⲉϥⲉⲛ,ⲛⲉⲥⲉⲛ,ⲛⲟⲩⲉⲛ,ⲉⲧⲛ,ⲉ̀ⲉⲧⲛ,ⲛ̀ⲉⲧⲛ,ⲙ̀ⲉⲧⲛ,ⲟⲩⲉⲧⲛ,ϩⲁⲛⲉⲧⲛ,ⲡ̀ⲉⲧⲛ,ⲫ̀ⲉⲧⲛ,ⲡⲁⲓⲉⲧⲛ,ⲡⲁⲉⲧⲛ,ⲡⲉⲛⲉⲧⲛ,ⲡⲉⲕⲉⲧⲛ,ⲡⲉⲉⲧⲛ,ⲡⲉⲧⲉⲛⲉⲧⲛ,ⲡⲉϥⲉⲧⲛ,ⲡⲉⲥⲉⲧⲛ,ⲡⲟⲩⲉⲧⲛ,ⲧ̀ⲉⲧⲛ,ⲑ̀ⲉⲧⲛ,ⲧⲁⲓⲉⲧⲛ,ⲧⲁⲉⲧⲛ,ⲧⲉⲛⲉⲧⲛ,ⲧⲉⲕⲉⲧⲛ,ⲧⲉⲉⲧⲛ,ⲧⲉⲧⲉⲛⲉⲧⲛ,ⲧⲉϥⲉⲧⲛ,ⲧⲉⲥⲉⲧⲛ,ⲧⲟⲩⲉⲧⲛ,ⲛⲓⲉⲧⲛ,ⲛⲉⲛⲉⲧⲛ,ⲛⲁⲓⲉⲧⲛ,ⲛⲁⲉⲧⲛ,ⲛⲉⲕⲉⲧⲛ,ⲛⲉⲉⲧⲛ,ⲛⲉⲧⲉⲛⲉⲧⲛ,ⲛⲉϥⲉⲧⲛ,ⲛⲉⲥⲉⲧⲛ,ⲛⲟⲩⲉⲧⲛ	0
1173	109	0	(S,A,sA,B,F) *^rel^* en.,etn.	6	(as adj), good, fair	(as adj), good, fair		227a	5	2010-02-05	1900-01-01	vagrant		https://pishoyg.github.io/crum/1173.html	(S, A, sA, B, F) {rel} ⲉⲛ., ⲉⲧⲛ.	(S, A, sA, B, F) {rel} ⲉⲛ., ⲉⲧⲛ.	(S, A, sA, B, F) {rel} ⲉⲛ., ⲉⲧⲛ.	(S, A, sA, B, F) {rel} ⲉⲛ., ⲉⲧⲛ.	(S, A, sA, B, F) {rel} ⲉⲛ., ⲉⲧⲛ. (adj.)	adjective		<i>as adj</i>, good, fair	as adj, good, fair	<i>as adj</i>, good, fair	<i>as adj</i>, good, fair	<i>as adj</i>, good, fair	as adj, good, fair	https://coptot.manuscriptroom.com/crum-coptic-dictionary?pageID=227a	227	a	{rel} ⲉⲛ., ⲉⲧⲛ. (adj.)	{rel} ⲉⲛ.					{rel} ⲉⲛ., ⲉⲧⲛ. (adj.)	{rel} ⲉⲛ.	{rel} ⲉⲛ., ⲉⲧⲛ. (adj.)	{rel} ⲉⲛ.	{rel} ⲉⲛ., ⲉⲧⲛ. (adj.)	{rel} ⲉⲛ.	{rel} ⲉⲛ., ⲉⲧⲛ. (adj.)	{rel} ⲉⲛ.							ⲉⲛ,ⲉ̀ⲉⲛ,ⲛ̀ⲉⲛ,ⲙ̀ⲉⲛ,ⲟⲩⲉⲛ,ϩⲁⲛⲉⲛ,ⲡ̀ⲉⲛ,ⲫ̀ⲉⲛ,ⲡⲁⲓⲉⲛ,ⲡⲁⲉⲛ,ⲡⲉⲛⲉⲛ,ⲡⲉⲕⲉⲛ,ⲡⲉⲉⲛ,ⲡⲉⲧⲉⲛⲉⲛ,ⲡⲉϥⲉⲛ,ⲡⲉⲥⲉⲛ,ⲡⲟⲩⲉⲛ,ⲧ̀ⲉⲛ,ⲑ̀ⲉⲛ,ⲧⲁⲓⲉⲛ,ⲧⲁⲉⲛ,ⲧⲉⲛⲉⲛ,ⲧⲉⲕⲉⲛ,ⲧⲉⲉⲛ,ⲧⲉⲧⲉⲛⲉⲛ,ⲧⲉϥⲉⲛ,ⲧⲉⲥⲉⲛ,ⲧⲟⲩⲉⲛ,ⲛⲓⲉⲛ,ⲛⲉⲛⲉⲛ,ⲛⲁⲓⲉⲛ,ⲛⲁⲉⲛ,ⲛⲉⲕⲉⲛ,ⲛⲉⲉⲛ,ⲛⲉⲧⲉⲛⲉⲛ,ⲛⲉϥⲉⲛ,ⲛⲉⲥⲉⲛ,ⲛⲟⲩⲉⲛ,ⲉⲧⲛ,ⲉ̀ⲉⲧⲛ,ⲛ̀ⲉⲧⲛ,ⲙ̀ⲉⲧⲛ,ⲟⲩⲉⲧⲛ,ϩⲁⲛⲉⲧⲛ,ⲡ̀ⲉⲧⲛ,ⲫ̀ⲉⲧⲛ,ⲡⲁⲓⲉⲧⲛ,ⲡⲁⲉⲧⲛ,ⲡⲉⲛⲉⲧⲛ,ⲡⲉⲕⲉⲧⲛ,ⲡⲉⲉⲧⲛ,ⲡⲉⲧⲉⲛⲉⲧⲛ,ⲡⲉϥⲉⲧⲛ,ⲡⲉⲥⲉⲧⲛ,ⲡⲟⲩⲉⲧⲛ,ⲧ̀ⲉⲧⲛ,ⲑ̀ⲉⲧⲛ,ⲧⲁⲓⲉⲧⲛ,ⲧⲁⲉⲧⲛ,ⲧⲉⲛⲉⲧⲛ,ⲧⲉⲕⲉⲧⲛ,ⲧⲉⲉⲧⲛ,ⲧⲉⲧⲉⲛⲉⲧⲛ,ⲧⲉϥⲉⲧⲛ,ⲧⲉⲥⲉⲧⲛ,ⲧⲟⲩⲉⲧⲛ,ⲛⲓⲉⲧⲛ,ⲛⲉⲛⲉⲧⲛ,ⲛⲁⲓⲉⲧⲛ,ⲛⲁⲉⲧⲛ,ⲛⲉⲕⲉⲧⲛ,ⲛⲉⲉⲧⲛ,ⲛⲉⲧⲉⲛⲉⲧⲛ,ⲛⲉϥⲉⲧⲛ,ⲛⲉⲥⲉⲧⲛ,ⲛⲟⲩⲉⲧⲛ	0
1174	109	0	(S,A,sA,B,F) petn. (B) fh eqn.	0	that which is good	that which is good		227b	6	2010-02-05	1900-01-01	vagrant		https://pishoyg.github.io/crum/1174.html	"(S, A, sA, B, F) ⲡⲉⲧⲛ.
(B) ⲫⲏ ⲉⲑⲛ."	"(S, A, sA, B, F) ⲡⲉⲧⲛ.
(B) ⲫⲏ ⲉⲑⲛ."	"(S, A, sA, B, F) ⲡⲉⲧⲛ.
(B) ⲫⲏ ⲉⲑⲛ."	"(S, A, sA, B, F) ⲡⲉⲧⲛ.
(B) ⲫⲏ ⲉⲑⲛ."	"(S, A, sA, B, F) ⲡⲉⲧⲛ.
(B) ⲫⲏ ⲉⲑⲛ."	-		that which is good	that which is good	that which is good	that which is good	that which is good	that which is good	https://coptot.manuscriptroom.com/crum-coptic-dictionary?pageID=227b	227	b	ⲡⲉⲧⲛ.	ⲡⲉⲧⲛ.					ⲡⲉⲧⲛ.	ⲡⲉⲧⲛ.	ⲡⲉⲧⲛ.	ⲡⲉⲧⲛ.	"ⲡⲉⲧⲛ.
ⲫⲏ ⲉⲑⲛ."	ⲡⲉⲧⲛ.	ⲡⲉⲧⲛ.	ⲡⲉⲧⲛ.							ⲡⲉⲧⲛ,ⲫⲏ	0
1175	109	1174	(S,B) mai..petn.	0	loving the good /$gk: [[filagatos]]$/	loving the good /$gk: [[filagatos]]$/	filagatos	227b	7	2010-02-05	1900-01-01	vagrant		https://pishoyg.github.io/crum/1175.html	(S, B) ⲙⲁⲓⲡⲉⲧⲛ.	(S, B) ⲙⲁⲓⲡⲉⲧⲛ.	(S, B) ⲙⲁⲓⲡⲉⲧⲛ.	(S, B) ⲙⲁⲓⲡⲉⲧⲛ.	(S, B) ⲙⲁⲓⲡⲉⲧⲛ.	-	φιλαγατοσ	loving the good [φιλαγατοσ]	loving the good [φιλαγατοσ]	loving the good	"loving the good <span style=""opacity:0.7"">[φιλαγατοσ]</span>"	"loving the good <span style=""opacity:0.7"">[<a href=""https://logeion.uchicago.edu/%CF%86%CE%B9%CE%BB%CE%B1%CE%B3%CE%B1%CF%84%CE%BF%CF%83"">φιλαγατοσ</a>]</span>"	loving the good	https://coptot.manuscriptroom.com/crum-coptic-dictionary?pageID=227b	227	b	ⲙⲁⲓⲡⲉⲧⲛ.	ⲙⲁⲓⲡⲉⲧⲛ.									ⲙⲁⲓⲡⲉⲧⲛ.	ⲙⲁⲓⲡⲉⲧⲛ.									ⲙⲁⲓⲡⲉⲧⲛ	1
1179	109	1174	(B) sa m..petn.	0	doer of good, righteous /$gk: [[agaqopoios]]$/	doer of good, righteous /$gk: [[agaqopoios]]$/	agaqopoios	227b	8	2010-02-05	1900-01-01	vagrant		https://pishoyg.github.io/crum/1179.html	(B) ⲥⲁ ⲙⲡⲉⲧⲛ.	(B) ⲥⲁ ⲙⲡⲉⲧⲛ.	(B) ⲥⲁ ⲙⲡⲉⲧⲛ.	(B) ⲥⲁ ⲙⲡⲉⲧⲛ.	(B) ⲥⲁ ⲙⲡⲉⲧⲛ.	-	αγαθοποιοσ	doer of good, righteous [αγαθοποιοσ]	doer of good, righteous [αγαθοποιοσ]	doer of good, righteous	"doer of good, righteous <span style=""opacity:0.7"">[αγαθοποιοσ]</span>"	"doer of good, righteous <span style=""opacity:0.7"">[<a href=""https://logeion.uchicago.edu/%CE%B1%CE%B3%CE%B1%CE%B8%CE%BF%CF%80%CE%BF%CE%B9%CE%BF%CF%83"">αγαθοποιοσ</a>]</span>"	doer of good, righteous	https://coptot.manuscriptroom.com/crum-coptic-dictionary?pageID=227b	227	b											ⲥⲁ ⲙⲡⲉⲧⲛ.	ⲥⲁ ⲙⲡⲉⲧⲛ.									ⲥⲁ	1
1176	109	0	(S,A,sA,B,F) r petn.,eire mpetn.	0	do good /$gk: [[agaqon poiein]]$/	do good /$gk: [[agaqon poiein]]$/	agaqon poiein	227b	9	2010-02-05	1900-01-01	vagrant		https://pishoyg.github.io/crum/1176.html	(S, A, sA, B, F) ⲣ ⲡⲉⲧⲛ., ⲉⲓⲣⲉ ⲙⲡⲉⲧⲛ.	(S, A, sA, B, F) ⲣ ⲡⲉⲧⲛ., ⲉⲓⲣⲉ ⲙⲡⲉⲧⲛ.	(S, A, sA, B, F) ⲣ ⲡⲉⲧⲛ., ⲉⲓⲣⲉ ⲙⲡⲉⲧⲛ.	(S, A, sA, B, F) ⲣ ⲡⲉⲧⲛ., ⲉⲓⲣⲉ ⲙⲡⲉⲧⲛ.	(S, A, sA, B, F) ⲣ ⲡⲉⲧⲛ., ⲉⲓⲣⲉ ⲙⲡⲉⲧⲛ.	-	αγαθον ποιειν	do good [αγαθον ποιειν]	do good [αγαθον ποιειν]	do good	"do good <span style=""opacity:0.7"">[αγαθον ποιειν]</span>"	"do good <span style=""opacity:0.7"">[<a href=""https://logeion.uchicago.edu/%CE%B1%CE%B3%CE%B1%CE%B8%CE%BF%CE%BD"">αγαθον</a> <a href=""https://logeion.uchicago.edu/%CF%80%CE%BF%CE%B9%CE%B5%CE%B9%CE%BD"">ποιειν</a>]</span>"	do good	https://coptot.manuscriptroom.com/crum-coptic-dictionary?pageID=227b	227	b	ⲣ ⲡⲉⲧⲛ., ⲉⲓⲣⲉ ⲙⲡⲉⲧⲛ.	ⲣ ⲡⲉⲧⲛ.					ⲣ ⲡⲉⲧⲛ., ⲉⲓⲣⲉ ⲙⲡⲉⲧⲛ.	ⲣ ⲡⲉⲧⲛ.	ⲣ ⲡⲉⲧⲛ., ⲉⲓⲣⲉ ⲙⲡⲉⲧⲛ.	ⲣ ⲡⲉⲧⲛ.	ⲣ ⲡⲉⲧⲛ., ⲉⲓⲣⲉ ⲙⲡⲉⲧⲛ.	ⲣ ⲡⲉⲧⲛ.	ⲣ ⲡⲉⲧⲛ., ⲉⲓⲣⲉ ⲙⲡⲉⲧⲛ.	ⲣ ⲡⲉⲧⲛ.							ⲣ,ⲉⲓⲣⲉ	0
5695	109	1176	^^^ e-	0				227b	10	2010-06-21	1900-01-01	vagrant		https://pishoyg.github.io/crum/5695.html	<i><b>c</b></i> ⲉ-	<i><b>c</b></i> ⲉ-	c ⲉ-	c ⲉ-	ⲉ- (c)	-								https://coptot.manuscriptroom.com/crum-coptic-dictionary?pageID=227b	227	b	ⲉ- (c)	ⲉ-	ⲉ- (c)	ⲉ-	ⲉ- (c)	ⲉ-	ⲉ- (c)	ⲉ-	ⲉ- (c)	ⲉ-	ⲉ- (c)	ⲉ-	ⲉ- (c)	ⲉ-	ⲉ- (c)	ⲉ-	ⲉ- (c)	ⲉ-	ⲉ- (c)	ⲉ-	ⲉ	1
5696	109	1176	^^^ mn-	0				227b	11	2010-06-21	1900-01-01	vagrant		https://pishoyg.github.io/crum/5696.html	<i><b>c</b></i> ⲙⲛ-	<i><b>c</b></i> ⲙⲛ-	c ⲙⲛ-	c ⲙⲛ-	ⲙⲛ- (c)	-								https://coptot.manuscriptroom.com/crum-coptic-dictionary?pageID=227b	227	b	ⲙⲛ- (c)	ⲙⲛ-	ⲙⲛ- (c)	ⲙⲛ-	ⲙⲛ- (c)	ⲙⲛ-	ⲙⲛ- (c)	ⲙⲛ-	ⲙⲛ- (c)	ⲙⲛ-	ⲙⲛ- (c)	ⲙⲛ-	ⲙⲛ- (c)	ⲙⲛ-	ⲙⲛ- (c)	ⲙⲛ-	ⲙⲛ- (c)	ⲙⲛ-	ⲙⲛ- (c)	ⲙⲛ-	ⲙⲛ	1
1177	109	1176	reF..r petn.	0	doer of good, benefactor /$gk: [[euergeths]]$/	doer of good, benefactor /$gk: [[euergeths]]$/	euergeths	227b	12	2010-02-05	1900-01-01	vagrant		https://pishoyg.github.io/crum/1177.html	ⲣⲉϥⲣ ⲡⲉⲧⲛ.	ⲣⲉϥⲣ ⲡⲉⲧⲛ.	ⲣⲉϥⲣ ⲡⲉⲧⲛ.	ⲣⲉϥⲣ ⲡⲉⲧⲛ.	ⲣⲉϥⲣ ⲡⲉⲧⲛ.	-	ευεργετησ	doer of good, benefactor [ευεργετησ]	doer of good, benefactor [ευεργετησ]	doer of good, benefactor	"doer of good, benefactor <span style=""opacity:0.7"">[ευεργετησ]</span>"	"doer of good, benefactor <span style=""opacity:0.7"">[<a href=""https://logeion.uchicago.edu/%CE%B5%CF%85%CE%B5%CF%81%CE%B3%CE%B5%CF%84%CE%B7%CF%83"">ευεργετησ</a>]</span>"	doer of good, benefactor	https://coptot.manuscriptroom.com/crum-coptic-dictionary?pageID=227b	227	b	ⲣⲉϥⲣ ⲡⲉⲧⲛ.	ⲣⲉϥⲣ ⲡⲉⲧⲛ.	ⲣⲉϥⲣ ⲡⲉⲧⲛ.	ⲣⲉϥⲣ ⲡⲉⲧⲛ.	ⲣⲉϥⲣ ⲡⲉⲧⲛ.	ⲣⲉϥⲣ ⲡⲉⲧⲛ.	ⲣⲉϥⲣ ⲡⲉⲧⲛ.	ⲣⲉϥⲣ ⲡⲉⲧⲛ.	ⲣⲉϥⲣ ⲡⲉⲧⲛ.	ⲣⲉϥⲣ ⲡⲉⲧⲛ.	ⲣⲉϥⲣ ⲡⲉⲧⲛ.	ⲣⲉϥⲣ ⲡⲉⲧⲛ.	ⲣⲉϥⲣ ⲡⲉⲧⲛ.	ⲣⲉϥⲣ ⲡⲉⲧⲛ.	ⲣⲉϥⲣ ⲡⲉⲧⲛ.	ⲣⲉϥⲣ ⲡⲉⲧⲛ.	ⲣⲉϥⲣ ⲡⲉⲧⲛ.	ⲣⲉϥⲣ ⲡⲉⲧⲛ.	ⲣⲉϥⲣ ⲡⲉⲧⲛ.	ⲣⲉϥⲣ ⲡⲉⲧⲛ.	ⲣⲉϥⲣ	1
1178	109	1176	mntreF..r petn.,metreF..r petn.	0	beneficence /$gk: [[euergesia]]$/	beneficence /$gk: [[euergesia]]$/	euergesia	227b	13	2010-02-05	1900-01-01	vagrant		https://pishoyg.github.io/crum/1178.html	ⲙⲛⲧⲣⲉϥⲣ ⲡⲉⲧⲛ., ⲙⲉⲧⲣⲉϥⲣ ⲡⲉⲧⲛ.	ⲙⲛⲧⲣⲉϥⲣ ⲡⲉⲧⲛ., ⲙⲉⲧⲣⲉϥⲣ ⲡⲉⲧⲛ.	ⲙⲛⲧⲣⲉϥⲣ ⲡⲉⲧⲛ., ⲙⲉⲧⲣⲉϥⲣ ⲡⲉⲧⲛ.	ⲙⲛⲧⲣⲉϥⲣ ⲡⲉⲧⲛ., ⲙⲉⲧⲣⲉϥⲣ ⲡⲉⲧⲛ.	ⲙⲛⲧⲣⲉϥⲣ ⲡⲉⲧⲛ., ⲙⲉⲧⲣⲉϥⲣ ⲡⲉⲧⲛ.	-	ευεργεσια	beneficence [ευεργεσια]	beneficence [ευεργεσια]	beneficence	"beneficence <span style=""opacity:0.7"">[ευεργεσια]</span>"	"beneficence <span style=""opacity:0.7"">[<a href=""https://logeion.uchicago.edu/%CE%B5%CF%85%CE%B5%CF%81%CE%B3%CE%B5%CF%83%CE%B9%CE%B1"">ευεργεσια</a>]</span>"	beneficence	https://coptot.manuscriptroom.com/crum-coptic-dictionary?pageID=227b	227	b	ⲙⲛⲧⲣⲉϥⲣ ⲡⲉⲧⲛ., ⲙⲉⲧⲣⲉϥⲣ ⲡⲉⲧⲛ.	ⲙⲛⲧⲣⲉϥⲣ ⲡⲉⲧⲛ.	ⲙⲛⲧⲣⲉϥⲣ ⲡⲉⲧⲛ., ⲙⲉⲧⲣⲉϥⲣ ⲡⲉⲧⲛ.	ⲙⲛⲧⲣⲉϥⲣ ⲡⲉⲧⲛ.	ⲙⲛⲧⲣⲉϥⲣ ⲡⲉⲧⲛ., ⲙⲉⲧⲣⲉϥⲣ ⲡⲉⲧⲛ.	ⲙⲛⲧⲣⲉϥⲣ ⲡⲉⲧⲛ.	ⲙⲛⲧⲣⲉϥⲣ ⲡⲉⲧⲛ., ⲙⲉⲧⲣⲉϥⲣ ⲡⲉⲧⲛ.	ⲙⲛⲧⲣⲉϥⲣ ⲡⲉⲧⲛ.	ⲙⲛⲧⲣⲉϥⲣ ⲡⲉⲧⲛ., ⲙⲉⲧⲣⲉϥⲣ ⲡⲉⲧⲛ.	ⲙⲛⲧⲣⲉϥⲣ ⲡⲉⲧⲛ.	ⲙⲛⲧⲣⲉϥⲣ ⲡⲉⲧⲛ., ⲙⲉⲧⲣⲉϥⲣ ⲡⲉⲧⲛ.	ⲙⲛⲧⲣⲉϥⲣ ⲡⲉⲧⲛ.	ⲙⲛⲧⲣⲉϥⲣ ⲡⲉⲧⲛ., ⲙⲉⲧⲣⲉϥⲣ ⲡⲉⲧⲛ.	ⲙⲛⲧⲣⲉϥⲣ ⲡⲉⲧⲛ.	ⲙⲛⲧⲣⲉϥⲣ ⲡⲉⲧⲛ., ⲙⲉⲧⲣⲉϥⲣ ⲡⲉⲧⲛ.	ⲙⲛⲧⲣⲉϥⲣ ⲡⲉⲧⲛ.	ⲙⲛⲧⲣⲉϥⲣ ⲡⲉⲧⲛ., ⲙⲉⲧⲣⲉϥⲣ ⲡⲉⲧⲛ.	ⲙⲛⲧⲣⲉϥⲣ ⲡⲉⲧⲛ.	ⲙⲛⲧⲣⲉϥⲣ ⲡⲉⲧⲛ., ⲙⲉⲧⲣⲉϥⲣ ⲡⲉⲧⲛ.	ⲙⲛⲧⲣⲉϥⲣ ⲡⲉⲧⲛ.	ⲙⲛⲧⲣⲉϥⲣ,ⲙⲉⲧⲣⲉϥⲣ	1
1182	110	0	(S) neJ n. ebol	0	put forth root /$gk: [[rizan ballein]]$/	put forth root /$gk: [[rizan ballein]]$/	rizan ballein	228a	1	2010-02-05	1900-01-01	vagrant		https://pishoyg.github.io/crum/1182.html	(S) ⲛⲉϫ ⲛ. ⲉⲃⲟⲗ	(S) ⲛⲉϫ ⲛ. ⲉⲃⲟⲗ	(S) ⲛⲉϫ ⲛ. ⲉⲃⲟⲗ	(S) ⲛⲉϫ ⲛ. ⲉⲃⲟⲗ	(S) ⲛⲉϫ ⲛ. ⲉⲃⲟⲗ	-	ριζαν βαλλειν	put forth root [ριζαν βαλλειν]	put forth root [ριζαν βαλλειν]	put forth root	"put forth root <span style=""opacity:0.7"">[ριζαν βαλλειν]</span>"	"put forth root <span style=""opacity:0.7"">[<a href=""https://logeion.uchicago.edu/%CF%81%CE%B9%CE%B6%CE%B1%CE%BD"">ριζαν</a> <a href=""https://logeion.uchicago.edu/%CE%B2%CE%B1%CE%BB%CE%BB%CE%B5%CE%B9%CE%BD"">βαλλειν</a>]</span>"	put forth root	https://coptot.manuscriptroom.com/crum-coptic-dictionary?pageID=228a	228	a	ⲛⲉϫ ⲛ. ⲉⲃⲟⲗ	ⲛⲉϫ ⲛ. ⲉⲃⲟⲗ																				0
1183	110	0	(B) ret n.	0	(meaning same) /$gk: [[rizan fuein]]$/	(meaning same) /$gk: [[rizan fuein]]$/	rizan fuein	228a	2	2010-02-05	1900-01-01	vagrant		https://pishoyg.github.io/crum/1183.html	(B) ⲣⲉⲧ ⲛ.	(B) ⲣⲉⲧ ⲛ.	(B) ⲣⲉⲧ ⲛ.	(B) ⲣⲉⲧ ⲛ.	(B) ⲣⲉⲧ ⲛ.	-	ριζαν φυειν	<i>meaning same</i> [ριζαν φυειν]	meaning same [ριζαν φυειν]	<i>meaning same</i>	"<i>meaning same</i> <span style=""opacity:0.7"">[ριζαν φυειν]</span>"	"<i>meaning same</i> <span style=""opacity:0.7"">[<a href=""https://logeion.uchicago.edu/%CF%81%CE%B9%CE%B6%CE%B1%CE%BD"">ριζαν</a> <a href=""https://logeion.uchicago.edu/%CF%86%CF%85%CE%B5%CE%B9%CE%BD"">φυειν</a>]</span>"	meaning same	https://coptot.manuscriptroom.com/crum-coptic-dictionary?pageID=228a	228	a											ⲣⲉⲧ ⲛ.	ⲣⲉⲧ ⲛ.									ⲣⲉⲧ	0
1184	110	0	(S) Je n.,Ji n. (B) Ge n.	0	take root	take root		228a	3	2010-02-05	1900-01-01	vagrant		https://pishoyg.github.io/crum/1184.html	"(S) ϫⲉ ⲛ., ϫⲓ ⲛ.
(B) ϭⲉ ⲛ."	"(S) ϫⲉ ⲛ., ϫⲓ ⲛ.
(B) ϭⲉ ⲛ."	"(S) ϫⲉ ⲛ., ϫⲓ ⲛ.
(B) ϭⲉ ⲛ."	"(S) ϫⲉ ⲛ., ϫⲓ ⲛ.
(B) ϭⲉ ⲛ."	"(S) ϫⲉ ⲛ., ϫⲓ ⲛ.
(B) ϭⲉ ⲛ."	-		take root	take root	take root	take root	take root	take root	https://coptot.manuscriptroom.com/crum-coptic-dictionary?pageID=228a	228	a	ϫⲉ ⲛ., ϫⲓ ⲛ.	ϫⲉ ⲛ.									ϭⲉ ⲛ.	ϭⲉ ⲛ.									ϭⲉ	0
1185	110	0	(B) Gep n.,Sep n.	0	(meaning same)	(meaning same)		228a	4	2010-02-05	1900-01-01	vagrant		https://pishoyg.github.io/crum/1185.html	(B) ϭⲉⲡ ⲛ., ϣⲉⲡ ⲛ.	(B) ϭⲉⲡ ⲛ., ϣⲉⲡ ⲛ.	(B) ϭⲉⲡ ⲛ., ϣⲉⲡ ⲛ.	(B) ϭⲉⲡ ⲛ., ϣⲉⲡ ⲛ.	(B) ϭⲉⲡ ⲛ., ϣⲉⲡ ⲛ.	-		<i>meaning same</i>	meaning same	<i>meaning same</i>	<i>meaning same</i>	<i>meaning same</i>	meaning same	https://coptot.manuscriptroom.com/crum-coptic-dictionary?pageID=228a	228	a											ϭⲉⲡ ⲛ., ϣⲉⲡ ⲛ.	ϭⲉⲡ ⲛ.									ϭⲉⲡ,ϣⲉⲡ	0
1186	110	0	(S) r n.	0	(meaning same)	(meaning same)		228a	5	2010-02-05	1900-01-01	vagrant		https://pishoyg.github.io/crum/1186.html	(S) ⲣ ⲛ.	(S) ⲣ ⲛ.	(S) ⲣ ⲛ.	(S) ⲣ ⲛ.	(S) ⲣ ⲛ.	-		<i>meaning same</i>	meaning same	<i>meaning same</i>	<i>meaning same</i>	<i>meaning same</i>	meaning same	https://coptot.manuscriptroom.com/crum-coptic-dictionary?pageID=228a	228	a	ⲣ ⲛ.	ⲣ ⲛ.																				0
1187	110	0	(B) ^^	1	radish	radish		228a	6	2010-02-05	1900-01-01	vagrant		https://pishoyg.github.io/crum/1187.html	(B) ―	(B) ―	(B) ―	(B) ―	(B) ― (ⲡ)	noun male		radish	radish	radish	radish	radish	radish	https://coptot.manuscriptroom.com/crum-coptic-dictionary?pageID=228a	228	a											― (ⲡ)	―										0
272	111	0	epesht	0	to the ground, downward	to the ground, downward		60a	1	2010-01-26	1900-01-01	vagrant		https://pishoyg.github.io/crum/272.html	ⲉⲡⲉⲥⲏⲧ	ⲉⲡⲉⲥⲏⲧ	ⲉⲡⲉⲥⲏⲧ	ⲉⲡⲉⲥⲏⲧ	ⲉⲡⲉⲥⲏⲧ	-		to the ground, downward	to the ground, downward	to the ground, downward	to the ground, downward	to the ground, downward	to the ground, downward	https://coptot.manuscriptroom.com/crum-coptic-dictionary?pageID=60a	60	a	ⲉⲡⲉⲥⲏⲧ	ⲉⲡⲉⲥⲏⲧ	ⲉⲡⲉⲥⲏⲧ	ⲉⲡⲉⲥⲏⲧ	ⲉⲡⲉⲥⲏⲧ	ⲉⲡⲉⲥⲏⲧ	ⲉⲡⲉⲥⲏⲧ	ⲉⲡⲉⲥⲏⲧ	ⲉⲡⲉⲥⲏⲧ	ⲉⲡⲉⲥⲏⲧ	ⲉⲡⲉⲥⲏⲧ	ⲉⲡⲉⲥⲏⲧ	ⲉⲡⲉⲥⲏⲧ	ⲉⲡⲉⲥⲏⲧ	ⲉⲡⲉⲥⲏⲧ	ⲉⲡⲉⲥⲏⲧ	ⲉⲡⲉⲥⲏⲧ	ⲉⲡⲉⲥⲏⲧ	ⲉⲡⲉⲥⲏⲧ	ⲉⲡⲉⲥⲏⲧ	ⲉⲡⲉⲥⲏⲧ	0
273	111	0	(S) mpesht	6	(almost as adj), at the bottom, below	(almost as adj), at the bottom, below		60a	2	2010-01-26	1900-01-01	vagrant		https://pishoyg.github.io/crum/273.html	(S) ⲙⲡⲉⲥⲏⲧ	(S) ⲙⲡⲉⲥⲏⲧ	(S) ⲙⲡⲉⲥⲏⲧ	(S) ⲙⲡⲉⲥⲏⲧ	(S) ⲙⲡⲉⲥⲏⲧ (adj.)	adjective		<i>almost as adj</i>, at the bottom, below	almost as adj, at the bottom, below	<i>almost as adj</i>, at the bottom, below	<i>almost as adj</i>, at the bottom, below	<i>almost as adj</i>, at the bottom, below	almost as adj, at the bottom, below	https://coptot.manuscriptroom.com/crum-coptic-dictionary?pageID=60a	60	a	ⲙⲡⲉⲥⲏⲧ (adj.)	ⲙⲡⲉⲥⲏⲧ																				0
274	111	0	sapesht	0	/*on*/ lower side, below	/*on*/ lower side, below		60b	3	2010-01-26	1900-01-01	vagrant		https://pishoyg.github.io/crum/274.html	ⲥⲁⲡⲉⲥⲏⲧ	ⲥⲁⲡⲉⲥⲏⲧ	ⲥⲁⲡⲉⲥⲏⲧ	ⲥⲁⲡⲉⲥⲏⲧ	ⲥⲁⲡⲉⲥⲏⲧ	-		(on) lower side, below	(on) lower side, below	(on) lower side, below	(on) lower side, below	(on) lower side, below	(on) lower side, below	https://coptot.manuscriptroom.com/crum-coptic-dictionary?pageID=60b	60	b	ⲥⲁⲡⲉⲥⲏⲧ	ⲥⲁⲡⲉⲥⲏⲧ	ⲥⲁⲡⲉⲥⲏⲧ	ⲥⲁⲡⲉⲥⲏⲧ	ⲥⲁⲡⲉⲥⲏⲧ	ⲥⲁⲡⲉⲥⲏⲧ	ⲥⲁⲡⲉⲥⲏⲧ	ⲥⲁⲡⲉⲥⲏⲧ	ⲥⲁⲡⲉⲥⲏⲧ	ⲥⲁⲡⲉⲥⲏⲧ	ⲥⲁⲡⲉⲥⲏⲧ	ⲥⲁⲡⲉⲥⲏⲧ	ⲥⲁⲡⲉⲥⲏⲧ	ⲥⲁⲡⲉⲥⲏⲧ	ⲥⲁⲡⲉⲥⲏⲧ	ⲥⲁⲡⲉⲥⲏⲧ	ⲥⲁⲡⲉⲥⲏⲧ	ⲥⲁⲡⲉⲥⲏⲧ	ⲥⲁⲡⲉⲥⲏⲧ	ⲥⲁⲡⲉⲥⲏⲧ	ⲥⲁⲡⲉⲥⲏⲧ	0
275	111	0	Sapesht	0	as for as, down to the ground	as for as, down to the ground		60b	4	2010-01-26	1900-01-01	vagrant		https://pishoyg.github.io/crum/275.html	ϣⲁⲡⲉⲥⲏⲧ	ϣⲁⲡⲉⲥⲏⲧ	ϣⲁⲡⲉⲥⲏⲧ	ϣⲁⲡⲉⲥⲏⲧ	ϣⲁⲡⲉⲥⲏⲧ	-		as for as, down to the ground	as for as, down to the ground	as for as, down to the ground	as for as, down to the ground	as for as, down to the ground	as for as, down to the ground	https://coptot.manuscriptroom.com/crum-coptic-dictionary?pageID=60b	60	b	ϣⲁⲡⲉⲥⲏⲧ	ϣⲁⲡⲉⲥⲏⲧ	ϣⲁⲡⲉⲥⲏⲧ	ϣⲁⲡⲉⲥⲏⲧ	ϣⲁⲡⲉⲥⲏⲧ	ϣⲁⲡⲉⲥⲏⲧ	ϣⲁⲡⲉⲥⲏⲧ	ϣⲁⲡⲉⲥⲏⲧ	ϣⲁⲡⲉⲥⲏⲧ	ϣⲁⲡⲉⲥⲏⲧ	ϣⲁⲡⲉⲥⲏⲧ	ϣⲁⲡⲉⲥⲏⲧ	ϣⲁⲡⲉⲥⲏⲧ	ϣⲁⲡⲉⲥⲏⲧ	ϣⲁⲡⲉⲥⲏⲧ	ϣⲁⲡⲉⲥⲏⲧ	ϣⲁⲡⲉⲥⲏⲧ	ϣⲁⲡⲉⲥⲏⲧ	ϣⲁⲡⲉⲥⲏⲧ	ϣⲁⲡⲉⲥⲏⲧ	ϣⲁⲡⲉⲥⲏⲧ	0
276	111	0	Hapesht	0	below ground, under	below ground, under		60b	5	2010-01-26	1900-01-01	vagrant		https://pishoyg.github.io/crum/276.html	ϩⲁⲡⲉⲥⲏⲧ	ϩⲁⲡⲉⲥⲏⲧ	ϩⲁⲡⲉⲥⲏⲧ	ϩⲁⲡⲉⲥⲏⲧ	ϩⲁⲡⲉⲥⲏⲧ	-		below ground, under	below ground, under	below ground, under	below ground, under	below ground, under	below ground, under	https://coptot.manuscriptroom.com/crum-coptic-dictionary?pageID=60b	60	b	ϩⲁⲡⲉⲥⲏⲧ	ϩⲁⲡⲉⲥⲏⲧ	ϩⲁⲡⲉⲥⲏⲧ	ϩⲁⲡⲉⲥⲏⲧ	ϩⲁⲡⲉⲥⲏⲧ	ϩⲁⲡⲉⲥⲏⲧ	ϩⲁⲡⲉⲥⲏⲧ	ϩⲁⲡⲉⲥⲏⲧ	ϩⲁⲡⲉⲥⲏⲧ	ϩⲁⲡⲉⲥⲏⲧ	ϩⲁⲡⲉⲥⲏⲧ	ϩⲁⲡⲉⲥⲏⲧ	ϩⲁⲡⲉⲥⲏⲧ	ϩⲁⲡⲉⲥⲏⲧ	ϩⲁⲡⲉⲥⲏⲧ	ϩⲁⲡⲉⲥⲏⲧ	ϩⲁⲡⲉⲥⲏⲧ	ϩⲁⲡⲉⲥⲏⲧ	ϩⲁⲡⲉⲥⲏⲧ	ϩⲁⲡⲉⲥⲏⲧ	ϩⲁⲡⲉⲥⲏⲧ	0
277	111	0	Hipesht	0	on, to the ground | from off ground	on, to the ground | from off ground		60b	6	2010-01-26	1900-01-01	vagrant		https://pishoyg.github.io/crum/277.html	ϩⲓⲡⲉⲥⲏⲧ	ϩⲓⲡⲉⲥⲏⲧ	ϩⲓⲡⲉⲥⲏⲧ	ϩⲓⲡⲉⲥⲏⲧ	ϩⲓⲡⲉⲥⲏⲧ	-		"on, to the ground
from off ground"	"on, to the ground
from off ground"	"on, to the ground
from off ground"	"on, to the ground
from off ground"	"on, to the ground
from off ground"	"on, to the ground
from off ground"	https://coptot.manuscriptroom.com/crum-coptic-dictionary?pageID=60b	60	b	ϩⲓⲡⲉⲥⲏⲧ	ϩⲓⲡⲉⲥⲏⲧ	ϩⲓⲡⲉⲥⲏⲧ	ϩⲓⲡⲉⲥⲏⲧ	ϩⲓⲡⲉⲥⲏⲧ	ϩⲓⲡⲉⲥⲏⲧ	ϩⲓⲡⲉⲥⲏⲧ	ϩⲓⲡⲉⲥⲏⲧ	ϩⲓⲡⲉⲥⲏⲧ	ϩⲓⲡⲉⲥⲏⲧ	ϩⲓⲡⲉⲥⲏⲧ	ϩⲓⲡⲉⲥⲏⲧ	ϩⲓⲡⲉⲥⲏⲧ	ϩⲓⲡⲉⲥⲏⲧ	ϩⲓⲡⲉⲥⲏⲧ	ϩⲓⲡⲉⲥⲏⲧ	ϩⲓⲡⲉⲥⲏⲧ	ϩⲓⲡⲉⲥⲏⲧ	ϩⲓⲡⲉⲥⲏⲧ	ϩⲓⲡⲉⲥⲏⲧ	ϩⲓⲡⲉⲥⲏⲧ	0
278	111	0	(A) Qnpesht	0	at bottom	at bottom		60b	7	2010-01-26	1900-01-01	vagrant		https://pishoyg.github.io/crum/278.html	(A) ⳉⲛⲡⲉⲥⲏⲧ	(A) ⳉⲛⲡⲉⲥⲏⲧ	(A) ⳉⲛⲡⲉⲥⲏⲧ	(A) ⳉⲛⲡⲉⲥⲏⲧ	(A) ⳉⲛⲡⲉⲥⲏⲧ	-		at bottom	at bottom	at bottom	at bottom	at bottom	at bottom	https://coptot.manuscriptroom.com/crum-coptic-dictionary?pageID=60b	60	b							ⳉⲛⲡⲉⲥⲏⲧ	ⳉⲛⲡⲉⲥⲏⲧ														0
279	111	0	(S) Jinpesht	0	from the ground, from below	from the ground, from below		60b	8	2010-01-26	1900-01-01	vagrant		https://pishoyg.github.io/crum/279.html	(S) ϫⲓⲛⲡⲉⲥⲏⲧ	(S) ϫⲓⲛⲡⲉⲥⲏⲧ	(S) ϫⲓⲛⲡⲉⲥⲏⲧ	(S) ϫⲓⲛⲡⲉⲥⲏⲧ	(S) ϫⲓⲛⲡⲉⲥⲏⲧ	-		from the ground, from below	from the ground, from below	from the ground, from below	from the ground, from below	from the ground, from below	from the ground, from below	https://coptot.manuscriptroom.com/crum-coptic-dictionary?pageID=60b	60	b	ϫⲓⲛⲡⲉⲥⲏⲧ	ϫⲓⲛⲡⲉⲥⲏⲧ																				0
280	111	0	(S) r pesht	0	go, be below	go, be below		60b	9	2010-01-26	1900-01-01	vagrant		https://pishoyg.github.io/crum/280.html	(S) ⲣ ⲡⲉⲥⲏⲧ	(S) ⲣ ⲡⲉⲥⲏⲧ	(S) ⲣ ⲡⲉⲥⲏⲧ	(S) ⲣ ⲡⲉⲥⲏⲧ	(S) ⲣ ⲡⲉⲥⲏⲧ	-		go, be below	go, be below	go, be below	go, be below	go, be below	go, be below	https://coptot.manuscriptroom.com/crum-coptic-dictionary?pageID=60b	60	b	ⲣ ⲡⲉⲥⲏⲧ	ⲣ ⲡⲉⲥⲏⲧ																				0
4061	112	0	atG.,atJ.	0	seedless /$gk: [[agonos]]$/	seedless /$gk: [[agonos]]$/	agonos	832a	1	2010-04-01	1900-01-01	vagrant		https://pishoyg.github.io/crum/4061.html	ⲁⲧϭ., ⲁⲧϫ.	ⲁⲧϭ., ⲁⲧϫ.	ⲁⲧϭ., ⲁⲧϫ.	ⲁⲧϭ., ⲁⲧϫ.	ⲁⲧϭ., ⲁⲧϫ.	-	αγονοσ	seedless [αγονοσ]	seedless [αγονοσ]	seedless	"seedless <span style=""opacity:0.7"">[αγονοσ]</span>"	"seedless <span style=""opacity:0.7"">[<a href=""https://logeion.uchicago.edu/%CE%B1%CE%B3%CE%BF%CE%BD%CE%BF%CF%83"">αγονοσ</a>]</span>"	seedless	https://coptot.manuscriptroom.com/crum-coptic-dictionary?pageID=832a	832	a	ⲁⲧϭ., ⲁⲧϫ.	ⲁⲧϭ.	ⲁⲧϭ., ⲁⲧϫ.	ⲁⲧϭ.	ⲁⲧϭ., ⲁⲧϫ.	ⲁⲧϭ.	ⲁⲧϭ., ⲁⲧϫ.	ⲁⲧϭ.	ⲁⲧϭ., ⲁⲧϫ.	ⲁⲧϭ.	ⲁⲧϭ., ⲁⲧϫ.	ⲁⲧϭ.	ⲁⲧϭ., ⲁⲧϫ.	ⲁⲧϭ.	ⲁⲧϭ., ⲁⲧϫ.	ⲁⲧϭ.	ⲁⲧϭ., ⲁⲧϫ.	ⲁⲧϭ.	ⲁⲧϭ., ⲁⲧϫ.	ⲁⲧϭ.	ⲁⲧϭ,ⲁⲧϫ	0
4062	112	0	eire nouG.	0	 /$gk: [[sperma poiein, spermatizein]]$/	 /$gk: [[sperma poiein, spermatizein]]$/	sperma poiein, spermatizein	832a	2	2010-04-01	1900-01-01	vagrant		https://pishoyg.github.io/crum/4062.html	ⲉⲓⲣⲉ ⲛⲟⲩϭ.	ⲉⲓⲣⲉ ⲛⲟⲩϭ.	ⲉⲓⲣⲉ ⲛⲟⲩϭ.	ⲉⲓⲣⲉ ⲛⲟⲩϭ.	ⲉⲓⲣⲉ ⲛⲟⲩϭ.	-	σπερμα ποιειν, σπερματιζειν	[σπερμα ποιειν, σπερματιζειν]	[σπερμα ποιειν, σπερματιζειν]		"<span style=""opacity:0.7"">[σπερμα ποιειν, σπερματιζειν]</span>"	"<span style=""opacity:0.7"">[<a href=""https://logeion.uchicago.edu/%CF%83%CF%80%CE%B5%CF%81%CE%BC%CE%B1"">σπερμα</a> <a href=""https://logeion.uchicago.edu/%CF%80%CE%BF%CE%B9%CE%B5%CE%B9%CE%BD"">ποιειν</a>, <a href=""https://logeion.uchicago.edu/%CF%83%CF%80%CE%B5%CF%81%CE%BC%CE%B1%CF%84%CE%B9%CE%B6%CE%B5%CE%B9%CE%BD"">σπερματιζειν</a>]</span>"		https://coptot.manuscriptroom.com/crum-coptic-dictionary?pageID=832a	832	a	ⲉⲓⲣⲉ ⲛⲟⲩϭ.	ⲉⲓⲣⲉ ⲛⲟⲩϭ.	ⲉⲓⲣⲉ ⲛⲟⲩϭ.	ⲉⲓⲣⲉ ⲛⲟⲩϭ.	ⲉⲓⲣⲉ ⲛⲟⲩϭ.	ⲉⲓⲣⲉ ⲛⲟⲩϭ.	ⲉⲓⲣⲉ ⲛⲟⲩϭ.	ⲉⲓⲣⲉ ⲛⲟⲩϭ.	ⲉⲓⲣⲉ ⲛⲟⲩϭ.	ⲉⲓⲣⲉ ⲛⲟⲩϭ.	ⲉⲓⲣⲉ ⲛⲟⲩϭ.	ⲉⲓⲣⲉ ⲛⲟⲩϭ.	ⲉⲓⲣⲉ ⲛⲟⲩϭ.	ⲉⲓⲣⲉ ⲛⲟⲩϭ.	ⲉⲓⲣⲉ ⲛⲟⲩϭ.	ⲉⲓⲣⲉ ⲛⲟⲩϭ.	ⲉⲓⲣⲉ ⲛⲟⲩϭ.	ⲉⲓⲣⲉ ⲛⲟⲩϭ.	ⲉⲓⲣⲉ ⲛⲟⲩϭ.	ⲉⲓⲣⲉ ⲛⲟⲩϭ.	ⲉⲓⲣⲉ	0
4063	112	0	T J.	0				832a	3	2010-04-01	1900-01-01	vagrant		https://pishoyg.github.io/crum/4063.html	ϯ ϫ.	ϯ ϫ.	ϯ ϫ.	ϯ ϫ.	ϯ ϫ.	-								https://coptot.manuscriptroom.com/crum-coptic-dictionary?pageID=832a	832	a	ϯ ϫ.	ϯ ϫ.	ϯ ϫ.	ϯ ϫ.	ϯ ϫ.	ϯ ϫ.	ϯ ϫ.	ϯ ϫ.	ϯ ϫ.	ϯ ϫ.	ϯ ϫ.	ϯ ϫ.	ϯ ϫ.	ϯ ϫ.	ϯ ϫ.	ϯ ϫ.	ϯ ϫ.	ϯ ϫ.	ϯ ϫ.	ϯ ϫ.	ϯ	0
4064	112	0	Ji G.,Gi J.	0	 /$gk: [[spermatizesqai]]$/	 /$gk: [[spermatizesqai]]$/	spermatizesqai	832a	4	2010-04-01	1900-01-01	vagrant		https://pishoyg.github.io/crum/4064.html	ϫⲓ ϭ., ϭⲓ ϫ.	ϫⲓ ϭ., ϭⲓ ϫ.	ϫⲓ ϭ., ϭⲓ ϫ.	ϫⲓ ϭ., ϭⲓ ϫ.	ϫⲓ ϭ., ϭⲓ ϫ.	-	σπερματιζεσθαι	[σπερματιζεσθαι]	[σπερματιζεσθαι]		"<span style=""opacity:0.7"">[σπερματιζεσθαι]</span>"	"<span style=""opacity:0.7"">[<a href=""https://logeion.uchicago.edu/%CF%83%CF%80%CE%B5%CF%81%CE%BC%CE%B1%CF%84%CE%B9%CE%B6%CE%B5%CF%83%CE%B8%CE%B1%CE%B9"">σπερματιζεσθαι</a>]</span>"		https://coptot.manuscriptroom.com/crum-coptic-dictionary?pageID=832a	832	a	ϫⲓ ϭ., ϭⲓ ϫ.	ϫⲓ ϭ.	ϫⲓ ϭ., ϭⲓ ϫ.	ϫⲓ ϭ.	ϫⲓ ϭ., ϭⲓ ϫ.	ϫⲓ ϭ.	ϫⲓ ϭ., ϭⲓ ϫ.	ϫⲓ ϭ.	ϫⲓ ϭ., ϭⲓ ϫ.	ϫⲓ ϭ.	ϫⲓ ϭ., ϭⲓ ϫ.	ϫⲓ ϭ.	ϫⲓ ϭ., ϭⲓ ϫ.	ϫⲓ ϭ.	ϫⲓ ϭ., ϭⲓ ϫ.	ϫⲓ ϭ.	ϫⲓ ϭ., ϭⲓ ϫ.	ϫⲓ ϭ.	ϫⲓ ϭ., ϭⲓ ϫ.	ϫⲓ ϭ.	ϫⲓ,ϭⲓ	0
4883	113	0		99	With following preposition:	With following preposition:		442a	1	2010-04-20	1900-01-01	vagrant		https://pishoyg.github.io/crum/4883.html						HEADER		With following preposition:	With following preposition:	With following preposition:	With following preposition:	With following preposition:	With following preposition:	https://coptot.manuscriptroom.com/crum-coptic-dictionary?pageID=442a	442	a																						0
4884	113	4883	^^ e-	0	{tr:} |$ send to, cast upon |$ tell to /$gk: [[anageisqai, apageisqai]]$/ |$ show /$gk: [[dhloun]]$/ | {intr:} 	{tr:} |$ send to, cast upon |$ tell to /$gk: [[anageisqai, apageisqai]]$/ |$ show /$gk: [[dhloun]]$/ | {intr:} 	anageisqai, apageisqai, dhloun	442a	2	2010-04-20	1900-01-01	vagrant		https://pishoyg.github.io/crum/4884.html	― ⲉ-	― ⲉ-	― ⲉ-	― ⲉ-	― ⲉ-	-	αναγεισθαι, απαγεισθαι, δηλουν	"<b>tr:</b>
― send to, cast upon
― tell to [αναγεισθαι, απαγεισθαι]
― show [δηλουν]
<b>intr:</b>"	"tr:
― send to, cast upon
― tell to [αναγεισθαι, απαγεισθαι]
― show [δηλουν]
intr:"	"<b>tr:</b>
― send to, cast upon
― tell to 
― show 
<b>intr:</b>"	"<b>tr:</b>
― send to, cast upon
― tell to <span style=""opacity:0.7"">[αναγεισθαι, απαγεισθαι]</span>
― show <span style=""opacity:0.7"">[δηλουν]</span>
<b>intr:</b>"	"<b>tr:</b>
― send to, cast upon
― tell to <span style=""opacity:0.7"">[<a href=""https://logeion.uchicago.edu/%CE%B1%CE%BD%CE%B1%CE%B3%CE%B5%CE%B9%CF%83%CE%B8%CE%B1%CE%B9"">αναγεισθαι</a>, <a href=""https://logeion.uchicago.edu/%CE%B1%CF%80%CE%B1%CE%B3%CE%B5%CE%B9%CF%83%CE%B8%CE%B1%CE%B9"">απαγεισθαι</a>]</span>
― show <span style=""opacity:0.7"">[<a href=""https://logeion.uchicago.edu/%CE%B4%CE%B7%CE%BB%CE%BF%CF%85%CE%BD"">δηλουν</a>]</span>
<b>intr:</b>"	"tr:
― send to, cast upon
― tell to 
― show 
intr:"	https://coptot.manuscriptroom.com/crum-coptic-dictionary?pageID=442a	442	a	― ⲉ-	― ⲉ-	― ⲉ-	― ⲉ-	― ⲉ-	― ⲉ-	― ⲉ-	― ⲉ-	― ⲉ-	― ⲉ-	― ⲉ-	― ⲉ-	― ⲉ-	― ⲉ-	― ⲉ-	― ⲉ-	― ⲉ-	― ⲉ-	― ⲉ-	― ⲉ-	ⲉ	1
4886	113	4883	(S,A) ^^ etn-	0	tell to	tell to		442b	3	2010-04-20	1900-01-01	vagrant		https://pishoyg.github.io/crum/4886.html	(S, A) ― ⲉⲧⲛ-	(S, A) ― ⲉⲧⲛ-	(S, A) ― ⲉⲧⲛ-	(S, A) ― ⲉⲧⲛ-	(S, A) ― ⲉⲧⲛ-	-		tell to	tell to	tell to	tell to	tell to	tell to	https://coptot.manuscriptroom.com/crum-coptic-dictionary?pageID=442b	442	b	― ⲉⲧⲛ-	― ⲉⲧⲛ-					― ⲉⲧⲛ-	― ⲉⲧⲛ-														1
4887	113	4883	(S,A) ^^ eJn-	0	say, pronounce upon, about | send upon (B)	say, pronounce upon, about | send upon (B)		442b	4	2010-04-20	1900-01-01	vagrant		https://pishoyg.github.io/crum/4887.html	(S, A) ― ⲉϫⲛ-	(S, A) ― ⲉϫⲛ-	(S, A) ― ⲉϫⲛ-	(S, A) ― ⲉϫⲛ-	(S, A) ― ⲉϫⲛ-	-		"say, pronounce upon, about
send upon <i>B</i>"	"say, pronounce upon, about
send upon B"	"say, pronounce upon, about
send upon <i>B</i>"	"say, pronounce upon, about
send upon <i>B</i>"	"say, pronounce upon, about
send upon <i>B</i>"	"say, pronounce upon, about
send upon B"	https://coptot.manuscriptroom.com/crum-coptic-dictionary?pageID=442b	442	b	― ⲉϫⲛ-	― ⲉϫⲛ-					― ⲉϫⲛ-	― ⲉϫⲛ-														1
4888	113	4883	(S,B,F) ^^ n-	0	send to | tell to	send to | tell to		442b	5	2010-04-20	1900-01-01	vagrant		https://pishoyg.github.io/crum/4888.html	(S, B, F) ― ⲛ-	(S, B, F) ― ⲛ-	(S, B, F) ― ⲛ-	(S, B, F) ― ⲛ-	(S, B, F) ― ⲛ-	-		"send to
tell to"	"send to
tell to"	"send to
tell to"	"send to
tell to"	"send to
tell to"	"send to
tell to"	https://coptot.manuscriptroom.com/crum-coptic-dictionary?pageID=442b	442	b	― ⲛ-	― ⲛ-									― ⲛ-	― ⲛ-	― ⲛ-	― ⲛ-							ⲛ	1
4889	113	4883	(S,B) ^^ nsa-	0	send after | speak, repeat against (S)	send after | speak, repeat against (S)		442b	6	2010-04-20	1900-01-01	vagrant		https://pishoyg.github.io/crum/4889.html	(S, B) ― ⲛⲥⲁ-	(S, B) ― ⲛⲥⲁ-	(S, B) ― ⲛⲥⲁ-	(S, B) ― ⲛⲥⲁ-	(S, B) ― ⲛⲥⲁ-	-		"send after
speak, repeat against <i>S</i>"	"send after
speak, repeat against S"	"send after
speak, repeat against <i>S</i>"	"send after
speak, repeat against <i>S</i>"	"send after
speak, repeat against <i>S</i>"	"send after
speak, repeat against S"	https://coptot.manuscriptroom.com/crum-coptic-dictionary?pageID=442b	442	b	― ⲛⲥⲁ-	― ⲛⲥⲁ-									― ⲛⲥⲁ-	― ⲛⲥⲁ-									ⲛⲥⲁ	1
4885	113	4883	(S,B,F) ^^ Sa-	0	send to	send to		442b	7	2010-04-20	1900-01-01	vagrant		https://pishoyg.github.io/crum/4885.html	(S, B, F) ― ϣⲁ-	(S, B, F) ― ϣⲁ-	(S, B, F) ― ϣⲁ-	(S, B, F) ― ϣⲁ-	(S, B, F) ― ϣⲁ-	-		send to	send to	send to	send to	send to	send to	https://coptot.manuscriptroom.com/crum-coptic-dictionary?pageID=442b	442	b	― ϣⲁ-	― ϣⲁ-									― ϣⲁ-	― ϣⲁ-	― ϣⲁ-	― ϣⲁ-							ϣⲁ	1
4890	113	4883	(B) ^^ Ha-	0	(as last)	(as last)		443a	8	2010-04-20	1900-01-01	vagrant		https://pishoyg.github.io/crum/4890.html	(B) ― ϩⲁ-	(B) ― ϩⲁ-	(B) ― ϩⲁ-	(B) ― ϩⲁ-	(B) ― ϩⲁ-	-		<i>as last</i>	as last	<i>as last</i>	<i>as last</i>	<i>as last</i>	as last	https://coptot.manuscriptroom.com/crum-coptic-dictionary?pageID=443a	443	a											― ϩⲁ-	― ϩⲁ-									ϩⲁ	1
4891	113	4883	(B) ^^ KaJen-	0	(send before)	(send before)		443a	9	2010-04-20	1900-01-01	vagrant		https://pishoyg.github.io/crum/4891.html	(B) ― ϧⲁϫⲉⲛ-	(B) ― ϧⲁϫⲉⲛ-	(B) ― ϧⲁϫⲉⲛ-	(B) ― ϧⲁϫⲉⲛ-	(B) ― ϧⲁϫⲉⲛ-	-		<i>send before</i>	send before	<i>send before</i>	<i>send before</i>	<i>send before</i>	send before	https://coptot.manuscriptroom.com/crum-coptic-dictionary?pageID=443a	443	a											― ϧⲁϫⲉⲛ-	― ϧⲁϫⲉⲛ-									ϧⲁϫⲉⲛ	1
4892	113	0		99	With following adverb:	With following adverb:		443a	10	2010-04-20	1900-01-01	vagrant		https://pishoyg.github.io/crum/4892.html						HEADER		With following adverb:	With following adverb:	With following adverb:	With following adverb:	With following adverb:	With following adverb:	https://coptot.manuscriptroom.com/crum-coptic-dictionary?pageID=443a	443	a																						0
4893	113	4892	(S,A,B) ^^ ebol	0	send forth /$gk: [[ekballein, ejagein, ferein]]$/ | (as nn S), product	send forth /$gk: [[ekballein, ejagein, ferein]]$/ | (as nn S), product	ekballein, ejagein, ferein	443a	11	2010-04-20	1900-01-01	vagrant		https://pishoyg.github.io/crum/4893.html	(S, A, B) ― ⲉⲃⲟⲗ	(S, A, B) ― ⲉⲃⲟⲗ	(S, A, B) ― ⲉⲃⲟⲗ	(S, A, B) ― ⲉⲃⲟⲗ	(S, A, B) ― ⲉⲃⲟⲗ	-	εκβαλλειν, εξαγειν, φερειν	"send forth [εκβαλλειν, εξαγειν, φερειν]
<i>as nn S</i>, product"	"send forth [εκβαλλειν, εξαγειν, φερειν]
as nn S, product"	"send forth 
<i>as nn S</i>, product"	"send forth <span style=""opacity:0.7"">[εκβαλλειν, εξαγειν, φερειν]</span>
<i>as nn S</i>, product"	"send forth <span style=""opacity:0.7"">[<a href=""https://logeion.uchicago.edu/%CE%B5%CE%BA%CE%B2%CE%B1%CE%BB%CE%BB%CE%B5%CE%B9%CE%BD"">εκβαλλειν</a>, <a href=""https://logeion.uchicago.edu/%CE%B5%CE%BE%CE%B1%CE%B3%CE%B5%CE%B9%CE%BD"">εξαγειν</a>, <a href=""https://logeion.uchicago.edu/%CF%86%CE%B5%CF%81%CE%B5%CE%B9%CE%BD"">φερειν</a>]</span>
<i>as nn S</i>, product"	"send forth 
as nn S, product"	https://coptot.manuscriptroom.com/crum-coptic-dictionary?pageID=443a	443	a	― ⲉⲃⲟⲗ	― ⲉⲃⲟⲗ					― ⲉⲃⲟⲗ	― ⲉⲃⲟⲗ			― ⲉⲃⲟⲗ	― ⲉⲃⲟⲗ									ⲉⲃⲟⲗ	1
4894	113	4892	(S,B) ^^ epesht	0	send, cast down /$gk: [[kataballein, katagein, kaqairein]]$/	send, cast down /$gk: [[kataballein, katagein, kaqairein]]$/	kataballein, katagein, kaqairein	443a	12	2010-04-20	1900-01-01	vagrant		https://pishoyg.github.io/crum/4894.html	(S, B) ― ⲉⲡⲉⲥⲏⲧ	(S, B) ― ⲉⲡⲉⲥⲏⲧ	(S, B) ― ⲉⲡⲉⲥⲏⲧ	(S, B) ― ⲉⲡⲉⲥⲏⲧ	(S, B) ― ⲉⲡⲉⲥⲏⲧ	-	καταβαλλειν, καταγειν, καθαιρειν	send, cast down [καταβαλλειν, καταγειν, καθαιρειν]	send, cast down [καταβαλλειν, καταγειν, καθαιρειν]	send, cast down	"send, cast down <span style=""opacity:0.7"">[καταβαλλειν, καταγειν, καθαιρειν]</span>"	"send, cast down <span style=""opacity:0.7"">[<a href=""https://logeion.uchicago.edu/%CE%BA%CE%B1%CF%84%CE%B1%CE%B2%CE%B1%CE%BB%CE%BB%CE%B5%CE%B9%CE%BD"">καταβαλλειν</a>, <a href=""https://logeion.uchicago.edu/%CE%BA%CE%B1%CF%84%CE%B1%CE%B3%CE%B5%CE%B9%CE%BD"">καταγειν</a>, <a href=""https://logeion.uchicago.edu/%CE%BA%CE%B1%CE%B8%CE%B1%CE%B9%CF%81%CE%B5%CE%B9%CE%BD"">καθαιρειν</a>]</span>"	send, cast down	https://coptot.manuscriptroom.com/crum-coptic-dictionary?pageID=443a	443	a	― ⲉⲡⲉⲥⲏⲧ	― ⲉⲡⲉⲥⲏⲧ									― ⲉⲡⲉⲥⲏⲧ	― ⲉⲡⲉⲥⲏⲧ									ⲉⲡⲉⲥⲏⲧ	1
4895	113	4892	(B) ^^ epSwi (O) ^^ eSon	0	cast up	cast up		443a	13	2010-04-20	2010-04-20	vagrant	vagrant	https://pishoyg.github.io/crum/4895.html	"(B) ― ⲉⲡϣⲱⲓ
(O) ― ⲉϣⲟⲛ"	"(B) ― ⲉⲡϣⲱⲓ
(O) ― ⲉϣⲟⲛ"	"(B) ― ⲉⲡϣⲱⲓ
(O) ― ⲉϣⲟⲛ"	"(B) ― ⲉⲡϣⲱⲓ
(O) ― ⲉϣⲟⲛ"	"(B) ― ⲉⲡϣⲱⲓ
(O) ― ⲉϣⲟⲛ"	-		cast up	cast up	cast up	cast up	cast up	cast up	https://coptot.manuscriptroom.com/crum-coptic-dictionary?pageID=443a	443	a											― ⲉⲡϣⲱⲓ	― ⲉⲡϣⲱⲓ					― ⲉϣⲟⲛ	― ⲉϣⲟⲛ			ⲉⲡϣⲱⲓ	1
4896	113	4892	(S,A,B,F) ^^ eHrai,^^ aQrai,^^ eKrai	0	send, cast down /$gk: [[ballein, katagein]]$/ | send, bring up /$gk: [[anatellein, ejagein, anabainein]]$/	send, cast down /$gk: [[ballein, katagein]]$/ | send, bring up /$gk: [[anatellein, ejagein, anabainein]]$/	ballein, katagein, anatellein, ejagein, anabainein	443a	14	2010-04-20	1900-01-01	vagrant		https://pishoyg.github.io/crum/4896.html	(S, A, B, F) ― ⲉϩⲣⲁⲓ, ― ⲁⳉⲣⲁⲓ, ― ⲉϧⲣⲁⲓ	(S, A, B, F) ― ⲉϩⲣⲁⲓ, ― ⲁⳉⲣⲁⲓ, ― ⲉϧⲣⲁⲓ	(S, A, B, F) ― ⲉϩⲣⲁⲓ, ― ⲁⳉⲣⲁⲓ, ― ⲉϧⲣⲁⲓ	(S, A, B, F) ― ⲉϩⲣⲁⲓ, ― ⲁⳉⲣⲁⲓ, ― ⲉϧⲣⲁⲓ	(S, A, B, F) ― ⲉϩⲣⲁⲓ, ― ⲁⳉⲣⲁⲓ, ― ⲉϧⲣⲁⲓ	-	βαλλειν, καταγειν, ανατελλειν, εξαγειν, αναβαινειν	"send, cast down [βαλλειν, καταγειν]
send, bring up [ανατελλειν, εξαγειν, αναβαινειν]"	"send, cast down [βαλλειν, καταγειν]
send, bring up [ανατελλειν, εξαγειν, αναβαινειν]"	"send, cast down 
send, bring up"	"send, cast down <span style=""opacity:0.7"">[βαλλειν, καταγειν]</span>
send, bring up <span style=""opacity:0.7"">[ανατελλειν, εξαγειν, αναβαινειν]</span>"	"send, cast down <span style=""opacity:0.7"">[<a href=""https://logeion.uchicago.edu/%CE%B2%CE%B1%CE%BB%CE%BB%CE%B5%CE%B9%CE%BD"">βαλλειν</a>, <a href=""https://logeion.uchicago.edu/%CE%BA%CE%B1%CF%84%CE%B1%CE%B3%CE%B5%CE%B9%CE%BD"">καταγειν</a>]</span>
send, bring up <span style=""opacity:0.7"">[<a href=""https://logeion.uchicago.edu/%CE%B1%CE%BD%CE%B1%CF%84%CE%B5%CE%BB%CE%BB%CE%B5%CE%B9%CE%BD"">ανατελλειν</a>, <a href=""https://logeion.uchicago.edu/%CE%B5%CE%BE%CE%B1%CE%B3%CE%B5%CE%B9%CE%BD"">εξαγειν</a>, <a href=""https://logeion.uchicago.edu/%CE%B1%CE%BD%CE%B1%CE%B2%CE%B1%CE%B9%CE%BD%CE%B5%CE%B9%CE%BD"">αναβαινειν</a>]</span>"	"send, cast down 
send, bring up"	https://coptot.manuscriptroom.com/crum-coptic-dictionary?pageID=443a	443	a	― ⲉϩⲣⲁⲓ, ― ⲁⳉⲣⲁⲓ, ― ⲉϧⲣⲁⲓ	― ⲉϩⲣⲁⲓ					― ⲉϩⲣⲁⲓ, ― ⲁⳉⲣⲁⲓ, ― ⲉϧⲣⲁⲓ	― ⲉϩⲣⲁⲓ			― ⲉϩⲣⲁⲓ, ― ⲁⳉⲣⲁⲓ, ― ⲉϧⲣⲁⲓ	― ⲉϩⲣⲁⲓ	― ⲉϩⲣⲁⲓ, ― ⲁⳉⲣⲁⲓ, ― ⲉϧⲣⲁⲓ	― ⲉϩⲣⲁⲓ							ⲉϩⲣⲁⲓ,ⲁⳉⲣⲁⲓ,ⲉϧⲣⲁⲓ	1
2395	113	0	(S) ^^	3	sending, mission /$gk: [[apostolh]]$/	sending, mission /$gk: [[apostolh]]$/	apostolh	443b	15	2010-02-26	2010-02-26	vagrant	vagrant	https://pishoyg.github.io/crum/2395.html	(S) ―	(S) ―	(S) ―	(S) ―	(S) ― (noun)	noun	αποστολη	sending, mission [αποστολη]	sending, mission [αποστολη]	sending, mission	"sending, mission <span style=""opacity:0.7"">[αποστολη]</span>"	"sending, mission <span style=""opacity:0.7"">[<a href=""https://logeion.uchicago.edu/%CE%B1%CF%80%CE%BF%CF%83%CF%84%CE%BF%CE%BB%CE%B7"">αποστολη</a>]</span>"	sending, mission	https://coptot.manuscriptroom.com/crum-coptic-dictionary?pageID=443b	443	b	― (noun)	―																				0
2396	113	0	(S,F) att.	0	indescribable, inexplicable	indescribable, inexplicable		443b	16	2010-02-26	1900-01-01	vagrant		https://pishoyg.github.io/crum/2396.html	(S, F) ⲁⲧⲧ.	(S, F) ⲁⲧⲧ.	(S, F) ⲁⲧⲧ.	(S, F) ⲁⲧⲧ.	(S, F) ⲁⲧⲧ.	-		indescribable, inexplicable	indescribable, inexplicable	indescribable, inexplicable	indescribable, inexplicable	indescribable, inexplicable	indescribable, inexplicable	https://coptot.manuscriptroom.com/crum-coptic-dictionary?pageID=443b	443	b	ⲁⲧⲧ.	ⲁⲧⲧ.											ⲁⲧⲧ.	ⲁⲧⲧ.								0
2397	113	0	Gint.,Jint.	0	explanation, recital	explanation, recital		443b	17	2010-02-26	1900-01-01	vagrant		https://pishoyg.github.io/crum/2397.html	ϭⲓⲛⲧ., ϫⲓⲛⲧ.	ϭⲓⲛⲧ., ϫⲓⲛⲧ.	ϭⲓⲛⲧ., ϫⲓⲛⲧ.	ϭⲓⲛⲧ., ϫⲓⲛⲧ.	ϭⲓⲛⲧ., ϫⲓⲛⲧ.	-		explanation, recital	explanation, recital	explanation, recital	explanation, recital	explanation, recital	explanation, recital	https://coptot.manuscriptroom.com/crum-coptic-dictionary?pageID=443b	443	b	ϭⲓⲛⲧ., ϫⲓⲛⲧ.	ϭⲓⲛⲧ.	ϭⲓⲛⲧ., ϫⲓⲛⲧ.	ϭⲓⲛⲧ.	ϭⲓⲛⲧ., ϫⲓⲛⲧ.	ϭⲓⲛⲧ.	ϭⲓⲛⲧ., ϫⲓⲛⲧ.	ϭⲓⲛⲧ.	ϭⲓⲛⲧ., ϫⲓⲛⲧ.	ϭⲓⲛⲧ.	ϭⲓⲛⲧ., ϫⲓⲛⲧ.	ϭⲓⲛⲧ.	ϭⲓⲛⲧ., ϫⲓⲛⲧ.	ϭⲓⲛⲧ.	ϭⲓⲛⲧ., ϫⲓⲛⲧ.	ϭⲓⲛⲧ.	ϭⲓⲛⲧ., ϫⲓⲛⲧ.	ϭⲓⲛⲧ.	ϭⲓⲛⲧ., ϫⲓⲛⲧ.	ϭⲓⲛⲧ.	ϭⲓⲛⲧ,ϫⲓⲛⲧ	0
637	115	0	(S) r k.	0	be of fire	be of fire		133b	1	2010-02-01	1900-01-01	vagrant		https://pishoyg.github.io/crum/637.html	(S) ⲣ ⲕ.	(S) ⲣ ⲕ.	(S) ⲣ ⲕ.	(S) ⲣ ⲕ.	(S) ⲣ ⲕ.	-		be of fire	be of fire	be of fire	be of fire	be of fire	be of fire	https://coptot.manuscriptroom.com/crum-coptic-dictionary?pageID=133b	133	b	ⲣ ⲕ.	ⲣ ⲕ.																				0
638	115	0	(S) T k.,T pk.	0	put fire, set on fire /$gk: [[empipranai, empurizein]]$/	put fire, set on fire /$gk: [[empipranai, empurizein]]$/	empipranai, empurizein	133b	2	2010-02-01	1900-01-01	vagrant		https://pishoyg.github.io/crum/638.html	(S) ϯ ⲕ., ϯ ⲡⲕ.	(S) ϯ ⲕ., ϯ ⲡⲕ.	(S) ϯ ⲕ., ϯ ⲡⲕ.	(S) ϯ ⲕ., ϯ ⲡⲕ.	(S) ϯ ⲕ., ϯ ⲡⲕ.	-	εμπιπραναι, εμπυριζειν	put fire, set on fire [εμπιπραναι, εμπυριζειν]	put fire, set on fire [εμπιπραναι, εμπυριζειν]	put fire, set on fire	"put fire, set on fire <span style=""opacity:0.7"">[εμπιπραναι, εμπυριζειν]</span>"	"put fire, set on fire <span style=""opacity:0.7"">[<a href=""https://logeion.uchicago.edu/%CE%B5%CE%BC%CF%80%CE%B9%CF%80%CF%81%CE%B1%CE%BD%CE%B1%CE%B9"">εμπιπραναι</a>, <a href=""https://logeion.uchicago.edu/%CE%B5%CE%BC%CF%80%CF%85%CF%81%CE%B9%CE%B6%CE%B5%CE%B9%CE%BD"">εμπυριζειν</a>]</span>"	put fire, set on fire	https://coptot.manuscriptroom.com/crum-coptic-dictionary?pageID=133b	133	b	ϯ ⲕ., ϯ ⲡⲕ.	ϯ ⲕ.																				0
639	115	0	(S) Ji k.	0	take, undergo fire	take, undergo fire		134a	3	2010-02-01	1900-01-01	vagrant		https://pishoyg.github.io/crum/639.html	(S) ϫⲓ ⲕ.	(S) ϫⲓ ⲕ.	(S) ϫⲓ ⲕ.	(S) ϫⲓ ⲕ.	(S) ϫⲓ ⲕ.	-		take, undergo fire	take, undergo fire	take, undergo fire	take, undergo fire	take, undergo fire	take, undergo fire	https://coptot.manuscriptroom.com/crum-coptic-dictionary?pageID=134a	134	a	ϫⲓ ⲕ.	ϫⲓ ⲕ.																				0
5280	116	0		99	With following preposition:	With following preposition:		707b	1	2010-05-08	1900-01-01	vagrant		https://pishoyg.github.io/crum/5280.html						HEADER		With following preposition:	With following preposition:	With following preposition:	With following preposition:	With following preposition:	With following preposition:	https://coptot.manuscriptroom.com/crum-coptic-dictionary?pageID=707b	707	b																						0
5281	116	5280	^^ e-	0	(obj) | (vbal) | (+ [n-] dat) | from	(obj) | (vbal) | (+ [n-] dat) | from		707b	2	2010-05-08	1900-01-01	vagrant		https://pishoyg.github.io/crum/5281.html	― ⲉ-	― ⲉ-	― ⲉ-	― ⲉ-	― ⲉ-	-		"<i>obj</i>
 <i>vbal</i>
<i>+ ⲛ- dat</i>
from"	"obj
 vbal
+ ⲛ- dat
from"	"<i>obj</i>
 <i>vbal</i>
<i>+ ⲛ- dat</i>
from"	"<i>obj</i>
 <i>vbal</i>
<i>+ ⲛ- dat</i>
from"	"<i>obj</i>
 <i>vbal</i>
<i>+ ⲛ- dat</i>
from"	"obj
 vbal
+ ⲛ- dat
from"	https://coptot.manuscriptroom.com/crum-coptic-dictionary?pageID=707b	707	b	― ⲉ-	― ⲉ-	― ⲉ-	― ⲉ-	― ⲉ-	― ⲉ-	― ⲉ-	― ⲉ-	― ⲉ-	― ⲉ-	― ⲉ-	― ⲉ-	― ⲉ-	― ⲉ-	― ⲉ-	― ⲉ-	― ⲉ-	― ⲉ-	― ⲉ-	― ⲉ-	ⲉ	1
3576	116	0	(S,A,B,F) ^^	1	watch, guard /$gk: [[fulakh, fulaj, thrhsis]]$/	watch, guard /$gk: [[fulakh, fulaj, thrhsis]]$/	fulakh, fulaj, thrhsis	708a	3	2010-03-25	1900-01-01	vagrant		https://pishoyg.github.io/crum/3576.html	(S, A, B, F) ―	(S, A, B, F) ―	(S, A, B, F) ―	(S, A, B, F) ―	(S, A, B, F) ― (ⲡ)	noun male	φυλακη, φυλαξ, τηρησισ	watch, guard [φυλακη, φυλαξ, τηρησισ]	watch, guard [φυλακη, φυλαξ, τηρησισ]	watch, guard	"watch, guard <span style=""opacity:0.7"">[φυλακη, φυλαξ, τηρησισ]</span>"	"watch, guard <span style=""opacity:0.7"">[<a href=""https://logeion.uchicago.edu/%CF%86%CF%85%CE%BB%CE%B1%CE%BA%CE%B7"">φυλακη</a>, <a href=""https://logeion.uchicago.edu/%CF%86%CF%85%CE%BB%CE%B1%CE%BE"">φυλαξ</a>, <a href=""https://logeion.uchicago.edu/%CF%84%CE%B7%CF%81%CE%B7%CF%83%CE%B9%CF%83"">τηρησισ</a>]</span>"	watch, guard	https://coptot.manuscriptroom.com/crum-coptic-dictionary?pageID=708a	708	a	― (ⲡ)	―					― (ⲡ)	―			― (ⲡ)	―	― (ⲡ)	―								0
3577	116	0	(S) mntatH.	0	heedlessness	heedlessness		708a	4	2010-03-25	1900-01-01	vagrant		https://pishoyg.github.io/crum/3577.html	(S) ⲙⲛⲧⲁⲧϩ.	(S) ⲙⲛⲧⲁⲧϩ.	(S) ⲙⲛⲧⲁⲧϩ.	(S) ⲙⲛⲧⲁⲧϩ.	(S) ⲙⲛⲧⲁⲧϩ.	-		heedlessness	heedlessness	heedlessness	heedlessness	heedlessness	heedlessness	https://coptot.manuscriptroom.com/crum-coptic-dictionary?pageID=708a	708	a	ⲙⲛⲧⲁⲧϩ.	ⲙⲛⲧⲁⲧϩ.																				0
3578	116	0	(S,A,B,F) ma nH.	0	watching-place	watching-place		708a	5	2010-03-25	1900-01-01	vagrant		https://pishoyg.github.io/crum/3578.html	(S, A, B, F) ⲙⲁ ⲛϩ.	(S, A, B, F) ⲙⲁ ⲛϩ.	(S, A, B, F) ⲙⲁ ⲛϩ.	(S, A, B, F) ⲙⲁ ⲛϩ.	(S, A, B, F) ⲙⲁ ⲛϩ.	-		watching-place	watching-place	watching-place	watching-place	watching-place	watching-place	https://coptot.manuscriptroom.com/crum-coptic-dictionary?pageID=708a	708	a	ⲙⲁ ⲛϩ.	ⲙⲁ ⲛϩ.					ⲙⲁ ⲛϩ.	ⲙⲁ ⲛϩ.			ⲙⲁ ⲛϩ.	ⲙⲁ ⲛϩ.	ⲙⲁ ⲛϩ.	ⲙⲁ ⲛϩ.							ⲙⲁ	0
3579	116	0	(S,B) reFH.	0	watcher, guard /$gk: [[fulaj]]$/	watcher, guard /$gk: [[fulaj]]$/	fulaj	708a	6	2010-03-25	1900-01-01	vagrant		https://pishoyg.github.io/crum/3579.html	(S, B) ⲣⲉϥϩ.	(S, B) ⲣⲉϥϩ.	(S, B) ⲣⲉϥϩ.	(S, B) ⲣⲉϥϩ.	(S, B) ⲣⲉϥϩ.	-	φυλαξ	watcher, guard [φυλαξ]	watcher, guard [φυλαξ]	watcher, guard	"watcher, guard <span style=""opacity:0.7"">[φυλαξ]</span>"	"watcher, guard <span style=""opacity:0.7"">[<a href=""https://logeion.uchicago.edu/%CF%86%CF%85%CE%BB%CE%B1%CE%BE"">φυλαξ</a>]</span>"	watcher, guard	https://coptot.manuscriptroom.com/crum-coptic-dictionary?pageID=708a	708	a	ⲣⲉϥϩ.	ⲣⲉϥϩ.									ⲣⲉϥϩ.	ⲣⲉϥϩ.									ⲣⲉϥϩ	0
3580	116	0	(S,B,F) GinH.,JinH.	0	act of watching, guarding /$gk: [[fulagma]]$/	act of watching, guarding /$gk: [[fulagma]]$/	fulagma	708a	7	2010-03-25	1900-01-01	vagrant		https://pishoyg.github.io/crum/3580.html	(S, B, F) ϭⲓⲛϩ., ϫⲓⲛϩ.	(S, B, F) ϭⲓⲛϩ., ϫⲓⲛϩ.	(S, B, F) ϭⲓⲛϩ., ϫⲓⲛϩ.	(S, B, F) ϭⲓⲛϩ., ϫⲓⲛϩ.	(S, B, F) ϭⲓⲛϩ., ϫⲓⲛϩ.	-	φυλαγμα	act of watching, guarding [φυλαγμα]	act of watching, guarding [φυλαγμα]	act of watching, guarding	"act of watching, guarding <span style=""opacity:0.7"">[φυλαγμα]</span>"	"act of watching, guarding <span style=""opacity:0.7"">[<a href=""https://logeion.uchicago.edu/%CF%86%CF%85%CE%BB%CE%B1%CE%B3%CE%BC%CE%B1"">φυλαγμα</a>]</span>"	act of watching, guarding	https://coptot.manuscriptroom.com/crum-coptic-dictionary?pageID=708a	708	a	ϭⲓⲛϩ., ϫⲓⲛϩ.	ϭⲓⲛϩ.									ϭⲓⲛϩ., ϫⲓⲛϩ.	ϭⲓⲛϩ.	ϭⲓⲛϩ., ϫⲓⲛϩ.	ϭⲓⲛϩ.							ϭⲓⲛϩ,ϫⲓⲛϩ	0
8404	117	0		99	With following preposition:	With following preposition:		782a	1	2010-08-15	1900-01-01	vagrant		https://pishoyg.github.io/crum/8404.html						HEADER		With following preposition:	With following preposition:	With following preposition:	With following preposition:	With following preposition:	With following preposition:	https://coptot.manuscriptroom.com/crum-coptic-dictionary?pageID=782a	782	a																						0
8405	117	8404	^^^ e-	0	for	for		782a	2	2010-08-15	1900-01-01	vagrant		https://pishoyg.github.io/crum/8405.html	<i><b>c</b></i> ⲉ-	<i><b>c</b></i> ⲉ-	c ⲉ-	c ⲉ-	ⲉ- (c)	-		for	for	for	for	for	for	https://coptot.manuscriptroom.com/crum-coptic-dictionary?pageID=782a	782	a	ⲉ- (c)	ⲉ-	ⲉ- (c)	ⲉ-	ⲉ- (c)	ⲉ-	ⲉ- (c)	ⲉ-	ⲉ- (c)	ⲉ-	ⲉ- (c)	ⲉ-	ⲉ- (c)	ⲉ-	ⲉ- (c)	ⲉ-	ⲉ- (c)	ⲉ-	ⲉ- (c)	ⲉ-	ⲉ	1
8406	117	8404	^^^ n-	0				782a	3	2010-08-15	1900-01-01	vagrant		https://pishoyg.github.io/crum/8406.html	<i><b>c</b></i> ⲛ-	<i><b>c</b></i> ⲛ-	c ⲛ-	c ⲛ-	ⲛ- (c)	-								https://coptot.manuscriptroom.com/crum-coptic-dictionary?pageID=782a	782	a	ⲛ- (c)	ⲛ-	ⲛ- (c)	ⲛ-	ⲛ- (c)	ⲛ-	ⲛ- (c)	ⲛ-	ⲛ- (c)	ⲛ-	ⲛ- (c)	ⲛ-	ⲛ- (c)	ⲛ-	ⲛ- (c)	ⲛ-	ⲛ- (c)	ⲛ-	ⲛ- (c)	ⲛ-	ⲛ	1
8407	117	8404	^^^ Hn-,^^^ Ken-	0				782a	4	2010-08-15	1900-01-01	vagrant		https://pishoyg.github.io/crum/8407.html	<i><b>c</b></i> ϩⲛ-, <i><b>c</b></i> ϧⲉⲛ-	<i><b>c</b></i> ϩⲛ-, <i><b>c</b></i> ϧⲉⲛ-	c ϩⲛ-, c ϧⲉⲛ-	c ϩⲛ-, c ϧⲉⲛ-	ϩⲛ-, ϧⲉⲛ- (c)	-								https://coptot.manuscriptroom.com/crum-coptic-dictionary?pageID=782a	782	a	ϩⲛ-, ϧⲉⲛ- (c)	ϩⲛ-	ϩⲛ-, ϧⲉⲛ- (c)	ϩⲛ-	ϩⲛ-, ϧⲉⲛ- (c)	ϩⲛ-	ϩⲛ-, ϧⲉⲛ- (c)	ϩⲛ-	ϩⲛ-, ϧⲉⲛ- (c)	ϩⲛ-	ϩⲛ-, ϧⲉⲛ- (c)	ϩⲛ-	ϩⲛ-, ϧⲉⲛ- (c)	ϩⲛ-	ϩⲛ-, ϧⲉⲛ- (c)	ϩⲛ-	ϩⲛ-, ϧⲉⲛ- (c)	ϩⲛ-	ϩⲛ-, ϧⲉⲛ- (c)	ϩⲛ-	ϩⲛ,ϧⲉⲛ	1
8408	117	8404	^^^ Hitn-	0				782a	5	2010-08-15	1900-01-01	vagrant		https://pishoyg.github.io/crum/8408.html	<i><b>c</b></i> ϩⲓⲧⲛ-	<i><b>c</b></i> ϩⲓⲧⲛ-	c ϩⲓⲧⲛ-	c ϩⲓⲧⲛ-	ϩⲓⲧⲛ- (c)	-								https://coptot.manuscriptroom.com/crum-coptic-dictionary?pageID=782a	782	a	ϩⲓⲧⲛ- (c)	ϩⲓⲧⲛ-	ϩⲓⲧⲛ- (c)	ϩⲓⲧⲛ-	ϩⲓⲧⲛ- (c)	ϩⲓⲧⲛ-	ϩⲓⲧⲛ- (c)	ϩⲓⲧⲛ-	ϩⲓⲧⲛ- (c)	ϩⲓⲧⲛ-	ϩⲓⲧⲛ- (c)	ϩⲓⲧⲛ-	ϩⲓⲧⲛ- (c)	ϩⲓⲧⲛ-	ϩⲓⲧⲛ- (c)	ϩⲓⲧⲛ-	ϩⲓⲧⲛ- (c)	ϩⲓⲧⲛ-	ϩⲓⲧⲛ- (c)	ϩⲓⲧⲛ-	ϩⲓⲧⲛ	1
5363	117	0	^^ ebol	0				782a	6	2010-05-31	1900-01-01	vagrant		https://pishoyg.github.io/crum/5363.html	― ⲉⲃⲟⲗ	― ⲉⲃⲟⲗ	― ⲉⲃⲟⲗ	― ⲉⲃⲟⲗ	― ⲉⲃⲟⲗ	-								https://coptot.manuscriptroom.com/crum-coptic-dictionary?pageID=782a	782	a	― ⲉⲃⲟⲗ	― ⲉⲃⲟⲗ	― ⲉⲃⲟⲗ	― ⲉⲃⲟⲗ	― ⲉⲃⲟⲗ	― ⲉⲃⲟⲗ	― ⲉⲃⲟⲗ	― ⲉⲃⲟⲗ	― ⲉⲃⲟⲗ	― ⲉⲃⲟⲗ	― ⲉⲃⲟⲗ	― ⲉⲃⲟⲗ	― ⲉⲃⲟⲗ	― ⲉⲃⲟⲗ	― ⲉⲃⲟⲗ	― ⲉⲃⲟⲗ	― ⲉⲃⲟⲗ	― ⲉⲃⲟⲗ	― ⲉⲃⲟⲗ	― ⲉⲃⲟⲗ	ⲉⲃⲟⲗ	0
5364	117	0	(B) atG.	0	unlit	unlit		782a	7	2010-05-31	1900-01-01	vagrant		https://pishoyg.github.io/crum/5364.html	(B) ⲁⲧϭ.	(B) ⲁⲧϭ.	(B) ⲁⲧϭ.	(B) ⲁⲧϭ.	(B) ⲁⲧϭ.	-		unlit	unlit	unlit	unlit	unlit	unlit	https://coptot.manuscriptroom.com/crum-coptic-dictionary?pageID=782a	782	a											ⲁⲧϭ.	ⲁⲧϭ.									ⲁⲧϭ	0
4369	118	0		99	qual :	qual :		159b	1	2010-04-07	1900-01-01	vagrant		https://pishoyg.github.io/crum/4369.html						HEADER		qual :	qual :	qual :	qual :	qual :	qual :	https://coptot.manuscriptroom.com/crum-coptic-dictionary?pageID=159b	159	b																						0
4370	118	4369		99	With following preposition:	With following preposition:		159b	2	2010-04-07	1900-01-01	vagrant		https://pishoyg.github.io/crum/4370.html						HEADER		With following preposition:	With following preposition:	With following preposition:	With following preposition:	With following preposition:	With following preposition:	https://coptot.manuscriptroom.com/crum-coptic-dictionary?pageID=159b	159	b																						1
4371	118	4370	^^ etbe-	0	because of	because of		159b	3	2010-04-07	1900-01-01	vagrant		https://pishoyg.github.io/crum/4371.html	― ⲉⲧⲃⲉ-	― ⲉⲧⲃⲉ-	― ⲉⲧⲃⲉ-	― ⲉⲧⲃⲉ-	― ⲉⲧⲃⲉ-	-		because of	because of	because of	because of	because of	because of	https://coptot.manuscriptroom.com/crum-coptic-dictionary?pageID=159b	159	b	― ⲉⲧⲃⲉ-	― ⲉⲧⲃⲉ-	― ⲉⲧⲃⲉ-	― ⲉⲧⲃⲉ-	― ⲉⲧⲃⲉ-	― ⲉⲧⲃⲉ-	― ⲉⲧⲃⲉ-	― ⲉⲧⲃⲉ-	― ⲉⲧⲃⲉ-	― ⲉⲧⲃⲉ-	― ⲉⲧⲃⲉ-	― ⲉⲧⲃⲉ-	― ⲉⲧⲃⲉ-	― ⲉⲧⲃⲉ-	― ⲉⲧⲃⲉ-	― ⲉⲧⲃⲉ-	― ⲉⲧⲃⲉ-	― ⲉⲧⲃⲉ-	― ⲉⲧⲃⲉ-	― ⲉⲧⲃⲉ-	ⲉⲧⲃⲉ	2
4372	118	4370	^^ eJn-	0	for, because of	for, because of		159b	4	2010-04-07	1900-01-01	vagrant		https://pishoyg.github.io/crum/4372.html	― ⲉϫⲛ-	― ⲉϫⲛ-	― ⲉϫⲛ-	― ⲉϫⲛ-	― ⲉϫⲛ-	-		for, because of	for, because of	for, because of	for, because of	for, because of	for, because of	https://coptot.manuscriptroom.com/crum-coptic-dictionary?pageID=159b	159	b	― ⲉϫⲛ-	― ⲉϫⲛ-	― ⲉϫⲛ-	― ⲉϫⲛ-	― ⲉϫⲛ-	― ⲉϫⲛ-	― ⲉϫⲛ-	― ⲉϫⲛ-	― ⲉϫⲛ-	― ⲉϫⲛ-	― ⲉϫⲛ-	― ⲉϫⲛ-	― ⲉϫⲛ-	― ⲉϫⲛ-	― ⲉϫⲛ-	― ⲉϫⲛ-	― ⲉϫⲛ-	― ⲉϫⲛ-	― ⲉϫⲛ-	― ⲉϫⲛ-	ⲉϫⲛ	2
4373	118	4370	^^ n-	0	from, by means of	from, by means of		159b	5	2010-04-07	1900-01-01	vagrant		https://pishoyg.github.io/crum/4373.html	― ⲛ-	― ⲛ-	― ⲛ-	― ⲛ-	― ⲛ-	-		from, by means of	from, by means of	from, by means of	from, by means of	from, by means of	from, by means of	https://coptot.manuscriptroom.com/crum-coptic-dictionary?pageID=159b	159	b	― ⲛ-	― ⲛ-	― ⲛ-	― ⲛ-	― ⲛ-	― ⲛ-	― ⲛ-	― ⲛ-	― ⲛ-	― ⲛ-	― ⲛ-	― ⲛ-	― ⲛ-	― ⲛ-	― ⲛ-	― ⲛ-	― ⲛ-	― ⲛ-	― ⲛ-	― ⲛ-	ⲛ	2
4374	118	4370	^^ ntn-	0	(meaning as last)	(meaning as last)		159b	6	2010-04-07	1900-01-01	vagrant		https://pishoyg.github.io/crum/4374.html	― ⲛⲧⲛ-	― ⲛⲧⲛ-	― ⲛⲧⲛ-	― ⲛⲧⲛ-	― ⲛⲧⲛ-	-		<i>meaning as last</i>	meaning as last	<i>meaning as last</i>	<i>meaning as last</i>	<i>meaning as last</i>	meaning as last	https://coptot.manuscriptroom.com/crum-coptic-dictionary?pageID=159b	159	b	― ⲛⲧⲛ-	― ⲛⲧⲛ-	― ⲛⲧⲛ-	― ⲛⲧⲛ-	― ⲛⲧⲛ-	― ⲛⲧⲛ-	― ⲛⲧⲛ-	― ⲛⲧⲛ-	― ⲛⲧⲛ-	― ⲛⲧⲛ-	― ⲛⲧⲛ-	― ⲛⲧⲛ-	― ⲛⲧⲛ-	― ⲛⲧⲛ-	― ⲛⲧⲛ-	― ⲛⲧⲛ-	― ⲛⲧⲛ-	― ⲛⲧⲛ-	― ⲛⲧⲛ-	― ⲛⲧⲛ-	ⲛⲧⲛ	2
4375	118	4370	(S) ^^ Ha- (A) ^^ Qa-	0	from, because of	from, because of		159b	7	2010-04-07	1900-01-01	vagrant		https://pishoyg.github.io/crum/4375.html	"(S) ― ϩⲁ-
(A) ― ⳉⲁ-"	"(S) ― ϩⲁ-
(A) ― ⳉⲁ-"	"(S) ― ϩⲁ-
(A) ― ⳉⲁ-"	"(S) ― ϩⲁ-
(A) ― ⳉⲁ-"	"(S) ― ϩⲁ-
(A) ― ⳉⲁ-"	-		from, because of	from, because of	from, because of	from, because of	from, because of	from, because of	https://coptot.manuscriptroom.com/crum-coptic-dictionary?pageID=159b	159	b	― ϩⲁ-	― ϩⲁ-					― ⳉⲁ-	― ⳉⲁ-														2
4376	118	4370	(B) ^^ ebol Ha-	0	from	from		159b	8	2010-04-07	1900-01-01	vagrant		https://pishoyg.github.io/crum/4376.html	(B) ― ⲉⲃⲟⲗ ϩⲁ-	(B) ― ⲉⲃⲟⲗ ϩⲁ-	(B) ― ⲉⲃⲟⲗ ϩⲁ-	(B) ― ⲉⲃⲟⲗ ϩⲁ-	(B) ― ⲉⲃⲟⲗ ϩⲁ-	-		from	from	from	from	from	from	https://coptot.manuscriptroom.com/crum-coptic-dictionary?pageID=159b	159	b											― ⲉⲃⲟⲗ ϩⲁ-	― ⲉⲃⲟⲗ ϩⲁ-									ⲉⲃⲟⲗ	2
4377	118	4370	(S) ^^ Hn- (B) ^^ Ken-	0	by means of	by means of		159b	9	2010-04-07	1900-01-01	vagrant		https://pishoyg.github.io/crum/4377.html	"(S) ― ϩⲛ-
(B) ― ϧⲉⲛ-"	"(S) ― ϩⲛ-
(B) ― ϧⲉⲛ-"	"(S) ― ϩⲛ-
(B) ― ϧⲉⲛ-"	"(S) ― ϩⲛ-
(B) ― ϧⲉⲛ-"	"(S) ― ϩⲛ-
(B) ― ϧⲉⲛ-"	-		by means of	by means of	by means of	by means of	by means of	by means of	https://coptot.manuscriptroom.com/crum-coptic-dictionary?pageID=159b	159	b	― ϩⲛ-	― ϩⲛ-									― ϧⲉⲛ-	― ϧⲉⲛ-									ϧⲉⲛ	2
4378	118	4370	(S,B) ^^ Hitn-	0	through, by	through, by		159b	10	2010-04-07	1900-01-01	vagrant		https://pishoyg.github.io/crum/4378.html	(S, B) ― ϩⲓⲧⲛ-	(S, B) ― ϩⲓⲧⲛ-	(S, B) ― ϩⲓⲧⲛ-	(S, B) ― ϩⲓⲧⲛ-	(S, B) ― ϩⲓⲧⲛ-	-		through, by	through, by	through, by	through, by	through, by	through, by	https://coptot.manuscriptroom.com/crum-coptic-dictionary?pageID=159b	159	b	― ϩⲓⲧⲛ-	― ϩⲓⲧⲛ-									― ϩⲓⲧⲛ-	― ϩⲓⲧⲛ-									ϩⲓⲧⲛ	2
747	118	0	(S,A,sA,B,F,O) mou	1	death /$gk: [[qanatos]]$/ | (as) plague, pestilence	death /$gk: [[qanatos]]$/ | (as) plague, pestilence	qanatos	159b	11	2010-02-02	2010-02-02	vagrant	vagrant	https://pishoyg.github.io/crum/747.html	(S, A, sA, B, F, O) ⲙⲟⲩ	(S, A, sA, B, F, O) ⲙⲟⲩ	(S, A, sA, B, F, O) ⲙⲟⲩ	(S, A, sA, B, F, O) ⲙⲟⲩ	(S, A, sA, B, F, O) ⲙⲟⲩ (ⲡ)	noun male	θανατοσ	"death [θανατοσ]
<i>as</i> plague, pestilence"	"death [θανατοσ]
as plague, pestilence"	"death 
<i>as</i> plague, pestilence"	"death <span style=""opacity:0.7"">[θανατοσ]</span>
<i>as</i> plague, pestilence"	"death <span style=""opacity:0.7"">[<a href=""https://logeion.uchicago.edu/%CE%B8%CE%B1%CE%BD%CE%B1%CF%84%CE%BF%CF%83"">θανατοσ</a>]</span>
<i>as</i> plague, pestilence"	"death 
as plague, pestilence"	https://coptot.manuscriptroom.com/crum-coptic-dictionary?pageID=159b	159	b	ⲙⲟⲩ (ⲡ)	ⲙⲟⲩ					ⲙⲟⲩ (ⲡ)	ⲙⲟⲩ	ⲙⲟⲩ (ⲡ)	ⲙⲟⲩ	ⲙⲟⲩ (ⲡ)	ⲙⲟⲩ	ⲙⲟⲩ (ⲡ)	ⲙⲟⲩ			ⲙⲟⲩ (ⲡ)	ⲙⲟⲩ			ⲙⲟⲩ,ⲉ̀ⲙⲟⲩ,ⲛ̀ⲙⲟⲩ,ⲙ̀ⲙⲟⲩ,ⲟⲩⲙⲟⲩ,ϩⲁⲛⲙⲟⲩ,ⲡ̀ⲙⲟⲩ,ⲫ̀ⲙⲟⲩ,ⲡⲁⲓⲙⲟⲩ,ⲡⲁⲙⲟⲩ,ⲡⲉⲛⲙⲟⲩ,ⲡⲉⲕⲙⲟⲩ,ⲡⲉⲙⲟⲩ,ⲡⲉⲧⲉⲛⲙⲟⲩ,ⲡⲉϥⲙⲟⲩ,ⲡⲉⲥⲙⲟⲩ,ⲡⲟⲩⲙⲟⲩ,ⲛⲓⲙⲟⲩ,ⲛⲉⲛⲙⲟⲩ,ⲛⲁⲓⲙⲟⲩ,ⲛⲁⲙⲟⲩ,ⲛⲉⲕⲙⲟⲩ,ⲛⲉⲙⲟⲩ,ⲛⲉⲧⲉⲛⲙⲟⲩ,ⲛⲉϥⲙⲟⲩ,ⲛⲉⲥⲙⲟⲩ,ⲛⲟⲩⲙⲟⲩ	0
748	118	0	(S,B) ^^	6	deadly	deadly		159b	12	2010-02-02	1900-01-01	vagrant		https://pishoyg.github.io/crum/748.html	(S, B) ―	(S, B) ―	(S, B) ―	(S, B) ―	(S, B) ― (adj.)	adjective		deadly	deadly	deadly	deadly	deadly	deadly	https://coptot.manuscriptroom.com/crum-coptic-dictionary?pageID=159b	159	b	― (adj.)	―									― (adj.)	―										0
749	118	0	(S,B) reFmou (F) lebm.	6	dead, mortal /$gk: [[qnhtos]]$/	dead, mortal /$gk: [[qnhtos]]$/	qnhtos	159b	13	2010-02-02	2010-02-02	vagrant	vagrant	https://pishoyg.github.io/crum/749.html	"(S, B) ⲣⲉϥⲙⲟⲩ
(F) ⲗⲉⲃⲙ."	"(S, B) ⲣⲉϥⲙⲟⲩ
(F) ⲗⲉⲃⲙ."	"(S, B) ⲣⲉϥⲙⲟⲩ
(F) ⲗⲉⲃⲙ."	"(S, B) ⲣⲉϥⲙⲟⲩ
(F) ⲗⲉⲃⲙ."	"(S, B) ⲣⲉϥⲙⲟⲩ (adj.)
(F) ⲗⲉⲃⲙ. (adj.)"	adjective	θνητοσ	dead, mortal [θνητοσ]	dead, mortal [θνητοσ]	dead, mortal	"dead, mortal <span style=""opacity:0.7"">[θνητοσ]</span>"	"dead, mortal <span style=""opacity:0.7"">[<a href=""https://logeion.uchicago.edu/%CE%B8%CE%BD%CE%B7%CF%84%CE%BF%CF%83"">θνητοσ</a>]</span>"	dead, mortal	https://coptot.manuscriptroom.com/crum-coptic-dictionary?pageID=159b	159	b	ⲣⲉϥⲙⲟⲩ (adj.)	ⲣⲉϥⲙⲟⲩ									ⲣⲉϥⲙⲟⲩ (adj.)	ⲣⲉϥⲙⲟⲩ	ⲗⲉⲃⲙ. (adj.)	ⲗⲉⲃⲙ.							ⲣⲉϥⲙⲟⲩ,ⲉ̀ⲣⲉϥⲙⲟⲩ,ⲛ̀ⲣⲉϥⲙⲟⲩ,ⲙ̀ⲣⲉϥⲙⲟⲩ,ⲟⲩⲣⲉϥⲙⲟⲩ,ϩⲁⲛⲣⲉϥⲙⲟⲩ,ⲡ̀ⲣⲉϥⲙⲟⲩ,ⲫ̀ⲣⲉϥⲙⲟⲩ,ⲡⲁⲓⲣⲉϥⲙⲟⲩ,ⲡⲁⲣⲉϥⲙⲟⲩ,ⲡⲉⲛⲣⲉϥⲙⲟⲩ,ⲡⲉⲕⲣⲉϥⲙⲟⲩ,ⲡⲉⲣⲉϥⲙⲟⲩ,ⲡⲉⲧⲉⲛⲣⲉϥⲙⲟⲩ,ⲡⲉϥⲣⲉϥⲙⲟⲩ,ⲡⲉⲥⲣⲉϥⲙⲟⲩ,ⲡⲟⲩⲣⲉϥⲙⲟⲩ,ⲧ̀ⲣⲉϥⲙⲟⲩ,ⲑ̀ⲣⲉϥⲙⲟⲩ,ⲧⲁⲓⲣⲉϥⲙⲟⲩ,ⲧⲁⲣⲉϥⲙⲟⲩ,ⲧⲉⲛⲣⲉϥⲙⲟⲩ,ⲧⲉⲕⲣⲉϥⲙⲟⲩ,ⲧⲉⲣⲉϥⲙⲟⲩ,ⲧⲉⲧⲉⲛⲣⲉϥⲙⲟⲩ,ⲧⲉϥⲣⲉϥⲙⲟⲩ,ⲧⲉⲥⲣⲉϥⲙⲟⲩ,ⲧⲟⲩⲣⲉϥⲙⲟⲩ,ⲛⲓⲣⲉϥⲙⲟⲩ,ⲛⲉⲛⲣⲉϥⲙⲟⲩ,ⲛⲁⲓⲣⲉϥⲙⲟⲩ,ⲛⲁⲣⲉϥⲙⲟⲩ,ⲛⲉⲕⲣⲉϥⲙⲟⲩ,ⲛⲉⲣⲉϥⲙⲟⲩ,ⲛⲉⲧⲉⲛⲣⲉϥⲙⲟⲩ,ⲛⲉϥⲣⲉϥⲙⲟⲩ,ⲛⲉⲥⲣⲉϥⲙⲟⲩ,ⲛⲟⲩⲣⲉϥⲙⲟⲩ	0
750	118	749	mntr.,metr.	0	mortality	mortality		160a	14	2010-02-02	2010-02-02	vagrant	vagrant	https://pishoyg.github.io/crum/750.html	ⲙⲛⲧⲣ., ⲙⲉⲧⲣ.	ⲙⲛⲧⲣ., ⲙⲉⲧⲣ.	ⲙⲛⲧⲣ., ⲙⲉⲧⲣ.	ⲙⲛⲧⲣ., ⲙⲉⲧⲣ.	ⲙⲛⲧⲣ., ⲙⲉⲧⲣ.	-		mortality	mortality	mortality	mortality	mortality	mortality	https://coptot.manuscriptroom.com/crum-coptic-dictionary?pageID=160a	160	a	ⲙⲛⲧⲣ., ⲙⲉⲧⲣ.	ⲙⲛⲧⲣ.	ⲙⲛⲧⲣ., ⲙⲉⲧⲣ.	ⲙⲛⲧⲣ.	ⲙⲛⲧⲣ., ⲙⲉⲧⲣ.	ⲙⲛⲧⲣ.	ⲙⲛⲧⲣ., ⲙⲉⲧⲣ.	ⲙⲛⲧⲣ.	ⲙⲛⲧⲣ., ⲙⲉⲧⲣ.	ⲙⲛⲧⲣ.	ⲙⲛⲧⲣ., ⲙⲉⲧⲣ.	ⲙⲛⲧⲣ.	ⲙⲛⲧⲣ., ⲙⲉⲧⲣ.	ⲙⲛⲧⲣ.	ⲙⲛⲧⲣ., ⲙⲉⲧⲣ.	ⲙⲛⲧⲣ.	ⲙⲛⲧⲣ., ⲙⲉⲧⲣ.	ⲙⲛⲧⲣ.	ⲙⲛⲧⲣ., ⲙⲉⲧⲣ.	ⲙⲛⲧⲣ.	ⲙⲛⲧⲣ,ⲙⲉⲧⲣ	1
751	118	0	(S) reFmoout (A,sA) reFmaut (B) reFmwout (F) lebmaout,leFmaout (A) rmeFm.	0	dead person, thing | deadly thing	dead person, thing | deadly thing		160a	15	2010-02-02	1900-01-01	vagrant		https://pishoyg.github.io/crum/751.html	"(S) ⲣⲉϥⲙⲟⲟⲩⲧ
(A, sA) ⲣⲉϥⲙⲁⲩⲧ
(B) ⲣⲉϥⲙⲱⲟⲩⲧ
(F) ⲗⲉⲃⲙⲁⲟⲩⲧ, ⲗⲉϥⲙⲁⲟⲩⲧ
(A) ⲣⲙⲉϥⲙ."	"(S) ⲣⲉϥⲙⲟⲟⲩⲧ
(A, sA) ⲣⲉϥⲙⲁⲩⲧ
(B) ⲣⲉϥⲙⲱⲟⲩⲧ
(F) ⲗⲉⲃⲙⲁⲟⲩⲧ, ⲗⲉϥⲙⲁⲟⲩⲧ
(A) ⲣⲙⲉϥⲙ."	"(S) ⲣⲉϥⲙⲟⲟⲩⲧ
(A, sA) ⲣⲉϥⲙⲁⲩⲧ
(B) ⲣⲉϥⲙⲱⲟⲩⲧ
(F) ⲗⲉⲃⲙⲁⲟⲩⲧ, ⲗⲉϥⲙⲁⲟⲩⲧ
(A) ⲣⲙⲉϥⲙ."	"(S) ⲣⲉϥⲙⲟⲟⲩⲧ
(A, sA) ⲣⲉϥⲙⲁⲩⲧ
(B) ⲣⲉϥⲙⲱⲟⲩⲧ
(F) ⲗⲉⲃⲙⲁⲟⲩⲧ, ⲗⲉϥⲙⲁⲟⲩⲧ
(A) ⲣⲙⲉϥⲙ."	"(S) ⲣⲉϥⲙⲟⲟⲩⲧ
(A, sA) ⲣⲉϥⲙⲁⲩⲧ
(B) ⲣⲉϥⲙⲱⲟⲩⲧ
(F) ⲗⲉⲃⲙⲁⲟⲩⲧ, ⲗⲉϥⲙⲁⲟⲩⲧ
(A) ⲣⲙⲉϥⲙ."	-		"dead person, thing
deadly thing"	"dead person, thing
deadly thing"	"dead person, thing
deadly thing"	"dead person, thing
deadly thing"	"dead person, thing
deadly thing"	"dead person, thing
deadly thing"	https://coptot.manuscriptroom.com/crum-coptic-dictionary?pageID=160a	160	a	ⲣⲉϥⲙⲟⲟⲩⲧ	ⲣⲉϥⲙⲟⲟⲩⲧ					"ⲣⲉϥⲙⲁⲩⲧ
ⲣⲙⲉϥⲙ."	ⲣⲉϥⲙⲁⲩⲧ	ⲣⲉϥⲙⲁⲩⲧ	ⲣⲉϥⲙⲁⲩⲧ	ⲣⲉϥⲙⲱⲟⲩⲧ	ⲣⲉϥⲙⲱⲟⲩⲧ	ⲗⲉⲃⲙⲁⲟⲩⲧ, ⲗⲉϥⲙⲁⲟⲩⲧ	ⲗⲉⲃⲙⲁⲟⲩⲧ							ⲣⲉϥⲙⲱⲟⲩⲧ	0
757	118	751	(B) met..reFm.	0	deadness /$gk: [[nekrwsis]]$/	deadness /$gk: [[nekrwsis]]$/	nekrwsis	160a	16	2010-02-02	1900-01-01	vagrant		https://pishoyg.github.io/crum/757.html	(B) ⲙⲉⲧⲣⲉϥⲙ.	(B) ⲙⲉⲧⲣⲉϥⲙ.	(B) ⲙⲉⲧⲣⲉϥⲙ.	(B) ⲙⲉⲧⲣⲉϥⲙ.	(B) ⲙⲉⲧⲣⲉϥⲙ.	-	νεκρωσισ	deadness [νεκρωσισ]	deadness [νεκρωσισ]	deadness	"deadness <span style=""opacity:0.7"">[νεκρωσισ]</span>"	"deadness <span style=""opacity:0.7"">[<a href=""https://logeion.uchicago.edu/%CE%BD%CE%B5%CE%BA%CF%81%CF%89%CF%83%CE%B9%CF%83"">νεκρωσισ</a>]</span>"	deadness	https://coptot.manuscriptroom.com/crum-coptic-dictionary?pageID=160a	160	a											ⲙⲉⲧⲣⲉϥⲙ.	ⲙⲉⲧⲣⲉϥⲙ.									ⲙⲉⲧⲣⲉϥⲙ	1
758	118	751	(B) er ..reFm.	0	become dead /$gk: [[nekros ginesqai]]$/	become dead /$gk: [[nekros ginesqai]]$/	nekros ginesqai	160a	17	2010-02-02	1900-01-01	vagrant		https://pishoyg.github.io/crum/758.html	(B) ⲉⲣ ⲣⲉϥⲙ.	(B) ⲉⲣ ⲣⲉϥⲙ.	(B) ⲉⲣ ⲣⲉϥⲙ.	(B) ⲉⲣ ⲣⲉϥⲙ.	(B) ⲉⲣ ⲣⲉϥⲙ.	-	νεκροσ γινεσθαι	become dead [νεκροσ γινεσθαι]	become dead [νεκροσ γινεσθαι]	become dead	"become dead <span style=""opacity:0.7"">[νεκροσ γινεσθαι]</span>"	"become dead <span style=""opacity:0.7"">[<a href=""https://logeion.uchicago.edu/%CE%BD%CE%B5%CE%BA%CF%81%CE%BF%CF%83"">νεκροσ</a> <a href=""https://logeion.uchicago.edu/%CE%B3%CE%B9%CE%BD%CE%B5%CF%83%CE%B8%CE%B1%CE%B9"">γινεσθαι</a>]</span>"	become dead	https://coptot.manuscriptroom.com/crum-coptic-dictionary?pageID=160a	160	a											ⲉⲣ ⲣⲉϥⲙ.	ⲉⲣ ⲣⲉϥⲙ.									ⲉⲣ	1
752	118	0	(S,B) Ginm.,Jinm.	0	manner of dying, death	manner of dying, death		160a	18	2010-02-02	1900-01-01	vagrant		https://pishoyg.github.io/crum/752.html	(S, B) ϭⲓⲛⲙ., ϫⲓⲛⲙ.	(S, B) ϭⲓⲛⲙ., ϫⲓⲛⲙ.	(S, B) ϭⲓⲛⲙ., ϫⲓⲛⲙ.	(S, B) ϭⲓⲛⲙ., ϫⲓⲛⲙ.	(S, B) ϭⲓⲛⲙ., ϫⲓⲛⲙ.	-		manner of dying, death	manner of dying, death	manner of dying, death	manner of dying, death	manner of dying, death	manner of dying, death	https://coptot.manuscriptroom.com/crum-coptic-dictionary?pageID=160a	160	a	ϭⲓⲛⲙ., ϫⲓⲛⲙ.	ϭⲓⲛⲙ.									ϭⲓⲛⲙ., ϫⲓⲛⲙ.	ϭⲓⲛⲙ.									ϭⲓⲛⲙ,ϫⲓⲛⲙ	0
