key	word	type	cz	en	gr	crum	quality	pos	added	updated	created_by	updated_by	key-link	word-parsed	word-parsed-no-ref	word-parsed-no-html	word-parsed-no-ref-no-html	word-title	word-parsed-prettify	word-dawoud-sort-key	dawoud-pages	crum-last-page	quality-parsed	type-parsed	gr-parsed	en-parsed	en-parsed-no-html	en-parsed-no-greek	en-parsed-light-greek	en-parsed-link-light-greek	en-parsed-no-greek-no-html	crum-link	crum-page	crum-column	dialect-S	lemma-S	dialect-Sa	lemma-Sa	dialect-Sf	lemma-Sf	dialect-A	lemma-A	dialect-sA	lemma-sA	dialect-B	lemma-B	dialect-F	lemma-F	dialect-Fb	lemma-Fb	dialect-O	lemma-O	dialect-NH	lemma-NH	key-next	key-prev	crum-pages	derivations-table	derivations-list	derivations-txt
3229	Qrharit	2	{intr:} (meaning unknown, or ? place-name)	{intr:} (meaning unknown, or ? place-name)		628b	6	0	2010-03-18	1900-01-01	vagrant		https://pishoyg.github.io/crum/3229.html	(A) ⳉⲣⲏⲁⲣⲓⲧ	(A) ⳉⲣⲏⲁⲣⲓⲧ	(A) ⳉⲣⲏⲁⲣⲓⲧ	(A) ⳉⲣⲏⲁⲣⲓⲧ	ⳉⲣⲏⲁⲣⲓⲧ	(A) ⳉⲣⲏⲁⲣⲓⲧ				complete	verb		<b>intr:</b> <i>meaning unknown, or ? place-name</i>	intr: meaning unknown, or ? place-name	<b>intr:</b> <i>meaning unknown, or ? place-name</i>	<b>intr:</b> <i>meaning unknown, or ? place-name</i>	<b>intr:</b> <i>meaning unknown, or ? place-name</i>	intr: meaning unknown, or ? place-name	https://coptot.manuscriptroom.com/crum-coptic-dictionary?pageID=628b	628	b							ⳉⲣⲏⲁⲣⲓⲧ	ⳉⲣⲏⲁⲣⲓⲧ													3230	3228	628			
3230	Kws	3	(meaning uncertain)	(meaning uncertain)		631b	6	0	2010-03-18	1900-01-01	vagrant		https://pishoyg.github.io/crum/3230.html	ϧⲱⲥ	ϧⲱⲥ	ϧⲱⲥ	ϧⲱⲥ	ϧⲱⲥ	ϧⲱⲥ (noun)				complete	noun		<i>meaning uncertain</i>	meaning uncertain	<i>meaning uncertain</i>	<i>meaning uncertain</i>	<i>meaning uncertain</i>	meaning uncertain	https://coptot.manuscriptroom.com/crum-coptic-dictionary?pageID=631b	631	b	ϧⲱⲥ (noun)	ϧⲱⲥ	ϧⲱⲥ (noun)	ϧⲱⲥ	ϧⲱⲥ (noun)	ϧⲱⲥ	ϧⲱⲥ (noun)	ϧⲱⲥ	ϧⲱⲥ (noun)	ϧⲱⲥ	ϧⲱⲥ (noun)	ϧⲱⲥ	ϧⲱⲥ (noun)	ϧⲱⲥ	ϧⲱⲥ (noun)	ϧⲱⲥ	ϧⲱⲥ (noun)	ϧⲱⲥ	ϧⲱⲥ (noun)	ϧⲱⲥ	3231	3229	631			
3231	$^Kwt^$,Kht+ ebol	2	{intr:} (meaning uncertain)	{intr:} (meaning uncertain)		631b	6	0	2010-03-18	1900-01-01	vagrant		https://pishoyg.github.io/crum/3231.html	(ϧⲱⲧ), ϧⲏⲧ+ ⲉⲃⲟⲗ	(ϧⲱⲧ), ϧⲏⲧ+ ⲉⲃⲟⲗ	(ϧⲱⲧ), ϧⲏⲧ+ ⲉⲃⲟⲗ	(ϧⲱⲧ), ϧⲏⲧ+ ⲉⲃⲟⲗ	(ϧⲱⲧ), ϧⲏⲧ+ ⲉⲃⲟⲗ	(ϧⲱⲧ), ϧⲏⲧ+ ⲉⲃⲟⲗ				complete	verb		<b>intr:</b> <i>meaning uncertain</i>	intr: meaning uncertain	<b>intr:</b> <i>meaning uncertain</i>	<b>intr:</b> <i>meaning uncertain</i>	<b>intr:</b> <i>meaning uncertain</i>	intr: meaning uncertain	https://coptot.manuscriptroom.com/crum-coptic-dictionary?pageID=631b	631	b	(ϧⲱⲧ), ϧⲏⲧ+ ⲉⲃⲟⲗ	ϧⲱⲧ	(ϧⲱⲧ), ϧⲏⲧ+ ⲉⲃⲟⲗ	ϧⲱⲧ	(ϧⲱⲧ), ϧⲏⲧ+ ⲉⲃⲟⲗ	ϧⲱⲧ	(ϧⲱⲧ), ϧⲏⲧ+ ⲉⲃⲟⲗ	ϧⲱⲧ	(ϧⲱⲧ), ϧⲏⲧ+ ⲉⲃⲟⲗ	ϧⲱⲧ	(ϧⲱⲧ), ϧⲏⲧ+ ⲉⲃⲟⲗ	ϧⲱⲧ	(ϧⲱⲧ), ϧⲏⲧ+ ⲉⲃⲟⲗ	ϧⲱⲧ	(ϧⲱⲧ), ϧⲏⲧ+ ⲉⲃⲟⲗ	ϧⲱⲧ	(ϧⲱⲧ), ϧⲏⲧ+ ⲉⲃⲟⲗ	ϧⲱⲧ	(ϧⲱⲧ), ϧⲏⲧ+ ⲉⲃⲟⲗ	ϧⲱⲧ	3232	3230	631			
3232	(S) He	1	(meaning unknown)	(meaning unknown)		640a	6	0	2010-03-19	1900-01-01	vagrant		https://pishoyg.github.io/crum/3232.html	(S) ϩⲉ	(S) ϩⲉ	(S) ϩⲉ	(S) ϩⲉ	ϩⲉ	(S) ϩⲉ (ⲡ)	ϩⲉ (S)			complete	noun male		<i>meaning unknown</i>	meaning unknown	<i>meaning unknown</i>	<i>meaning unknown</i>	<i>meaning unknown</i>	meaning unknown	https://coptot.manuscriptroom.com/crum-coptic-dictionary?pageID=640a	640	a	ϩⲉ (ⲡ)	ϩⲉ																			3233	3231	640			
3233	(F) Haabi	3	(meaning unknown)	(meaning unknown)		655a	6	0	2010-03-21	1900-01-01	vagrant		https://pishoyg.github.io/crum/3233.html	(F) ϩⲁⲁⲃⲓ	(F) ϩⲁⲁⲃⲓ	(F) ϩⲁⲁⲃⲓ	(F) ϩⲁⲁⲃⲓ	ϩⲁⲁⲃⲓ	(F) ϩⲁⲁⲃⲓ (noun)				complete	noun		<i>meaning unknown</i>	meaning unknown	<i>meaning unknown</i>	<i>meaning unknown</i>	<i>meaning unknown</i>	meaning unknown	https://coptot.manuscriptroom.com/crum-coptic-dictionary?pageID=655a	655	a													ϩⲁⲁⲃⲓ (noun)	ϩⲁⲁⲃⲓ							3234	3232	655			
3234	(F) *Hhbi	3	(meaning unknown)	(meaning unknown)		655b	6	0	2010-03-21	1900-01-01	vagrant		https://pishoyg.github.io/crum/3234.html	(F) <i>plural: </i>ϩⲏⲃⲓ	(F) <i>plural: </i>ϩⲏⲃⲓ	(F) plural: ϩⲏⲃⲓ	(F) plural: ϩⲏⲃⲓ	ϩⲏⲃⲓ (ⲛ)	(F) ϩⲏⲃⲓ (ⲛ)				complete	noun		<i>meaning unknown</i>	meaning unknown	<i>meaning unknown</i>	<i>meaning unknown</i>	<i>meaning unknown</i>	meaning unknown	https://coptot.manuscriptroom.com/crum-coptic-dictionary?pageID=655b	655	b													ϩⲏⲃⲓ (ⲛ)	ϩⲏⲃⲓ							3235	3233	655			
3235	(S) Hboine	4	(meaning unknown)	(meaning unknown)		656b	6	0	2010-03-21	1900-01-01	vagrant		https://pishoyg.github.io/crum/3235.html	(S) ϩⲃⲟⲓⲛⲉ	(S) ϩⲃⲟⲓⲛⲉ	(S) ϩⲃⲟⲓⲛⲉ	(S) ϩⲃⲟⲓⲛⲉ	ϩⲃⲟⲓⲛⲉ	(S) ϩⲃⲟⲓⲛⲉ (ⲧ)	ϩⲃⲟⲓⲛⲉ (S)			complete	noun female		<i>meaning unknown</i>	meaning unknown	<i>meaning unknown</i>	<i>meaning unknown</i>	<i>meaning unknown</i>	meaning unknown	https://coptot.manuscriptroom.com/crum-coptic-dictionary?pageID=656b	656	b	ϩⲃⲟⲓⲛⲉ (ⲧ)	ϩⲃⲟⲓⲛⲉ																			3236	3234	656			
3236	(S) HubS	1	(meaning unknown)	(meaning unknown)		660b	6	0	2010-03-21	1900-01-01	vagrant		https://pishoyg.github.io/crum/3236.html	(S) ϩⲩⲃϣ	(S) ϩⲩⲃϣ	(S) ϩⲩⲃϣ	(S) ϩⲩⲃϣ	ϩⲩⲃϣ	(S) ϩⲩⲃϣ (ⲡ)	ϩⲩⲃϣ (S)			complete	noun male		<i>meaning unknown</i>	meaning unknown	<i>meaning unknown</i>	<i>meaning unknown</i>	<i>meaning unknown</i>	meaning unknown	https://coptot.manuscriptroom.com/crum-coptic-dictionary?pageID=660b	660	b	ϩⲩⲃϣ (ⲡ)	ϩⲩⲃϣ																			3237	3235	660			
3237	(S) Hak+	2	(meaning unknown)	(meaning unknown)		661a	6	0	2010-03-21	1900-01-01	vagrant		https://pishoyg.github.io/crum/3237.html	(S) ϩⲁⲕ+	(S) ϩⲁⲕ+	(S) ϩⲁⲕ+	(S) ϩⲁⲕ+	ϩⲁⲕ+	(S) ϩⲁⲕ+	ϩⲁⲕ+ (S)			complete	verb		<i>meaning unknown</i>	meaning unknown	<i>meaning unknown</i>	<i>meaning unknown</i>	<i>meaning unknown</i>	meaning unknown	https://coptot.manuscriptroom.com/crum-coptic-dictionary?pageID=661a	661	a	ϩⲁⲕ+	ϩⲁⲕ+																			3238	3236	661			
3238	(S) Hako	1	(meaning unknown)	(meaning unknown)		662b	6	0	2010-03-21	1900-01-01	vagrant		https://pishoyg.github.io/crum/3238.html	(S) ϩⲁⲕⲟ	(S) ϩⲁⲕⲟ	(S) ϩⲁⲕⲟ	(S) ϩⲁⲕⲟ	ϩⲁⲕⲟ	(S) ϩⲁⲕⲟ (ⲡ)	ϩⲁⲕⲟ (S)			complete	noun male		<i>meaning unknown</i>	meaning unknown	<i>meaning unknown</i>	<i>meaning unknown</i>	<i>meaning unknown</i>	meaning unknown	https://coptot.manuscriptroom.com/crum-coptic-dictionary?pageID=662b	662	b	ϩⲁⲕⲟ (ⲡ)	ϩⲁⲕⲟ																			3239	3237	662			
3239	(S) $^Hwkn^$,Hokn=	2	{tr:} (meaning doubtful)	{tr:} (meaning doubtful)		664b	6	0	2010-03-22	1900-01-01	vagrant		https://pishoyg.github.io/crum/3239.html	(S) (ϩⲱⲕⲛ), ϩⲟⲕⲛ=	(S) (ϩⲱⲕⲛ), ϩⲟⲕⲛ=	(S) (ϩⲱⲕⲛ), ϩⲟⲕⲛ=	(S) (ϩⲱⲕⲛ), ϩⲟⲕⲛ=	(ϩⲱⲕⲛ), ϩⲟⲕⲛ=	(S) (ϩⲱⲕⲛ), ϩⲟⲕⲛ=	ϩⲱⲕⲛ (S)			complete	verb		<b>tr:</b> <i>meaning doubtful</i>	tr: meaning doubtful	<b>tr:</b> <i>meaning doubtful</i>	<b>tr:</b> <i>meaning doubtful</i>	<b>tr:</b> <i>meaning doubtful</i>	tr: meaning doubtful	https://coptot.manuscriptroom.com/crum-coptic-dictionary?pageID=664b	664	b	(ϩⲱⲕⲛ), ϩⲟⲕⲛ=	ϩⲱⲕⲛ																			3240	3238	664			
3240	(S) $^Hwkp^$,Hokp=	2	{tr:} (meaning unknown)	{tr:} (meaning unknown)		664b	6	0	2010-03-22	1900-01-01	vagrant		https://pishoyg.github.io/crum/3240.html	(S) (ϩⲱⲕⲡ), ϩⲟⲕⲡ=	(S) (ϩⲱⲕⲡ), ϩⲟⲕⲡ=	(S) (ϩⲱⲕⲡ), ϩⲟⲕⲡ=	(S) (ϩⲱⲕⲡ), ϩⲟⲕⲡ=	(ϩⲱⲕⲡ), ϩⲟⲕⲡ=	(S) (ϩⲱⲕⲡ), ϩⲟⲕⲡ=	ϩⲱⲕⲡ (S)			complete	verb		<b>tr:</b> <i>meaning unknown</i>	tr: meaning unknown	<b>tr:</b> <i>meaning unknown</i>	<b>tr:</b> <i>meaning unknown</i>	<b>tr:</b> <i>meaning unknown</i>	tr: meaning unknown	https://coptot.manuscriptroom.com/crum-coptic-dictionary?pageID=664b	664	b	(ϩⲱⲕⲡ), ϩⲟⲕⲡ=	ϩⲱⲕⲡ																			3241	3239	664			
3241	(S) HokHk	3	(meaning unknown)	(meaning unknown)		664b	6	0	2010-03-22	1900-01-01	vagrant		https://pishoyg.github.io/crum/3241.html	(S) ϩⲟⲕϩⲕ	(S) ϩⲟⲕϩⲕ	(S) ϩⲟⲕϩⲕ	(S) ϩⲟⲕϩⲕ	ϩⲟⲕϩⲕ	(S) ϩⲟⲕϩⲕ (noun)	ϩⲟⲕϩⲕ (S)			complete	noun		<i>meaning unknown</i>	meaning unknown	<i>meaning unknown</i>	<i>meaning unknown</i>	<i>meaning unknown</i>	meaning unknown	https://coptot.manuscriptroom.com/crum-coptic-dictionary?pageID=664b	664	b	ϩⲟⲕϩⲕ (noun)	ϩⲟⲕϩⲕ																			3242	3240	664			
3242	(S) Hal	3	(meaning unknown)	(meaning unknown)		665b	6	0	2010-03-22	1900-01-01	vagrant		https://pishoyg.github.io/crum/3242.html	(S) ϩⲁⲗ	(S) ϩⲁⲗ	(S) ϩⲁⲗ	(S) ϩⲁⲗ	ϩⲁⲗ	(S) ϩⲁⲗ (noun)	ϩⲁⲗ (S)			complete	noun		<i>meaning unknown</i>	meaning unknown	<i>meaning unknown</i>	<i>meaning unknown</i>	<i>meaning unknown</i>	meaning unknown	https://coptot.manuscriptroom.com/crum-coptic-dictionary?pageID=665b	665	b	ϩⲁⲗ (noun)	ϩⲁⲗ																			3243	3241	665			
3243	(S) Hel	1	(meaning unknown)	(meaning unknown)		665b	6	0	2010-03-22	1900-01-01	vagrant		https://pishoyg.github.io/crum/3243.html	(S) ϩⲉⲗ	(S) ϩⲉⲗ	(S) ϩⲉⲗ	(S) ϩⲉⲗ	ϩⲉⲗ	(S) ϩⲉⲗ (ⲡ)	ϩⲉⲗ (S)			complete	noun male		<i>meaning unknown</i>	meaning unknown	<i>meaning unknown</i>	<i>meaning unknown</i>	<i>meaning unknown</i>	meaning unknown	https://coptot.manuscriptroom.com/crum-coptic-dictionary?pageID=665b	665	b	ϩⲉⲗ (ⲡ)	ϩⲉⲗ																			3244	3242	665			
3244	(S) Hwl	3	(meaning uncertain)	(meaning uncertain)		667a	6	0	2010-03-22	1900-01-01	vagrant		https://pishoyg.github.io/crum/3244.html	(S) ϩⲱⲗ	(S) ϩⲱⲗ	(S) ϩⲱⲗ	(S) ϩⲱⲗ	ϩⲱⲗ	(S) ϩⲱⲗ (noun)	ϩⲱⲗ (S)			complete	noun		<i>meaning uncertain</i>	meaning uncertain	<i>meaning uncertain</i>	<i>meaning uncertain</i>	<i>meaning uncertain</i>	meaning uncertain	https://coptot.manuscriptroom.com/crum-coptic-dictionary?pageID=667a	667	a	ϩⲱⲗ (noun)	ϩⲱⲗ																			3245	3243	667			
3245	(B) Hwl,Hol=	0	(sometimes for [wl, ol=])	(sometimes for [wl, ol=])		667a	6	0	2010-03-22	1900-01-01	vagrant		https://pishoyg.github.io/crum/3245.html	(B) ϩⲱⲗ, ϩⲟⲗ=	(B) ϩⲱⲗ, ϩⲟⲗ=	(B) ϩⲱⲗ, ϩⲟⲗ=	(B) ϩⲱⲗ, ϩⲟⲗ=	ϩⲱⲗ, ϩⲟⲗ=	(B) ϩⲱⲗ, ϩⲟⲗ=	ϩⲱⲗ (B)			complete	-		<i>sometimes for ⲱⲗ, ⲟⲗ=</i>	sometimes for ⲱⲗ, ⲟⲗ=	<i>sometimes for ⲱⲗ, ⲟⲗ=</i>	<i>sometimes for ⲱⲗ, ⲟⲗ=</i>	<i>sometimes for ⲱⲗ, ⲟⲗ=</i>	sometimes for ⲱⲗ, ⲟⲗ=	https://coptot.manuscriptroom.com/crum-coptic-dictionary?pageID=667a	667	a											ϩⲱⲗ, ϩⲟⲗ=	ϩⲱⲗ									3246	3244	667			
3246	(Sf) Hala	2	{tr:} (meaning unknown)	{tr:} (meaning unknown)		667a	6	0	2010-03-22	1900-01-01	vagrant		https://pishoyg.github.io/crum/3246.html	(Sf) ϩⲁⲗⲁ	(Sf) ϩⲁⲗⲁ	(Sf) ϩⲁⲗⲁ	(Sf) ϩⲁⲗⲁ	ϩⲁⲗⲁ	(Sf) ϩⲁⲗⲁ				complete	verb		<b>tr:</b> <i>meaning unknown</i>	tr: meaning unknown	<b>tr:</b> <i>meaning unknown</i>	<b>tr:</b> <i>meaning unknown</i>	<b>tr:</b> <i>meaning unknown</i>	tr: meaning unknown	https://coptot.manuscriptroom.com/crum-coptic-dictionary?pageID=667a	667	a					ϩⲁⲗⲁ	ϩⲁⲗⲁ															3247	3245	667			
3247	(S,B) Hale	1	(in place-names)	(in place-names)		667a	6	0	2010-03-22	1900-01-01	vagrant		https://pishoyg.github.io/crum/3247.html	(S, B) ϩⲁⲗⲉ	(S, B) ϩⲁⲗⲉ	(S, B) ϩⲁⲗⲉ	(S, B) ϩⲁⲗⲉ	ϩⲁⲗⲉ	(S, B) ϩⲁⲗⲉ (ⲡ)	ϩⲁⲗⲉ (B)			complete	noun male		<i>in place-names</i>	in place-names	<i>in place-names</i>	<i>in place-names</i>	<i>in place-names</i>	in place-names	https://coptot.manuscriptroom.com/crum-coptic-dictionary?pageID=667a	667	a	ϩⲁⲗⲉ (ⲡ)	ϩⲁⲗⲉ									ϩⲁⲗⲉ (ⲡ)	ϩⲁⲗⲉ									3248	3246	667			
3248	(S) Halw	2	{intr:} (c [eHrai], meaning unknown)	{intr:} (c [eHrai], meaning unknown)		667a	6	0	2010-03-22	1900-01-01	vagrant		https://pishoyg.github.io/crum/3248.html	(S) ϩⲁⲗⲱ	(S) ϩⲁⲗⲱ	(S) ϩⲁⲗⲱ	(S) ϩⲁⲗⲱ	ϩⲁⲗⲱ	(S) ϩⲁⲗⲱ	ϩⲁⲗⲱ (S)			complete	verb		<b>intr:</b> <i>c ⲉϩⲣⲁⲓ , meaning unknown</i>	intr: c ⲉϩⲣⲁⲓ , meaning unknown	<b>intr:</b> <i>c ⲉϩⲣⲁⲓ , meaning unknown</i>	<b>intr:</b> <i>c ⲉϩⲣⲁⲓ , meaning unknown</i>	<b>intr:</b> <i>c ⲉϩⲣⲁⲓ , meaning unknown</i>	intr: c ⲉϩⲣⲁⲓ , meaning unknown	https://coptot.manuscriptroom.com/crum-coptic-dictionary?pageID=667a	667	a	ϩⲁⲗⲱ	ϩⲁⲗⲱ																			3249	3247	667			
3249	(S) Hhle	3	(a measure or container of bread)	(a measure or container of bread)		667a	6	0	2010-03-22	1900-01-01	vagrant		https://pishoyg.github.io/crum/3249.html	(S) ϩⲏⲗⲉ	(S) ϩⲏⲗⲉ	(S) ϩⲏⲗⲉ	(S) ϩⲏⲗⲉ	ϩⲏⲗⲉ	(S) ϩⲏⲗⲉ (noun)	ϩⲏⲗⲉ (S)			complete	noun		<i>a measure or container of bread</i>	a measure or container of bread	<i>a measure or container of bread</i>	<i>a measure or container of bread</i>	<i>a measure or container of bread</i>	a measure or container of bread	https://coptot.manuscriptroom.com/crum-coptic-dictionary?pageID=667a	667	a	ϩⲏⲗⲉ (noun)	ϩⲏⲗⲉ																			3250	3248	667			
3250	(S) Hwle	4	(meaning unknown)	(meaning unknown)		667b	6	0	2010-03-22	1900-01-01	vagrant		https://pishoyg.github.io/crum/3250.html	(S) ϩⲱⲗⲉ	(S) ϩⲱⲗⲉ	(S) ϩⲱⲗⲉ	(S) ϩⲱⲗⲉ	ϩⲱⲗⲉ	(S) ϩⲱⲗⲉ (ⲧ)	ϩⲱⲗⲉ (S)			complete	noun female		<i>meaning unknown</i>	meaning unknown	<i>meaning unknown</i>	<i>meaning unknown</i>	<i>meaning unknown</i>	meaning unknown	https://coptot.manuscriptroom.com/crum-coptic-dictionary?pageID=667b	667	b	ϩⲱⲗⲉ (ⲧ)	ϩⲱⲗⲉ																			3251	3249	667			
3251	(S) Hwwle,Hole+ (Sa) Hale+	2	{intr:} (meaning unknown /*prob not all same*/)	{intr:} (meaning unknown /*prob not all same*/)		667b	6	0	2010-03-22	1900-01-01	vagrant		https://pishoyg.github.io/crum/3251.html	"(S) ϩⲱⲱⲗⲉ, ϩⲟⲗⲉ+
(Sa) ϩⲁⲗⲉ+"	"(S) ϩⲱⲱⲗⲉ, ϩⲟⲗⲉ+
(Sa) ϩⲁⲗⲉ+"	"(S) ϩⲱⲱⲗⲉ, ϩⲟⲗⲉ+
(Sa) ϩⲁⲗⲉ+"	"(S) ϩⲱⲱⲗⲉ, ϩⲟⲗⲉ+
(Sa) ϩⲁⲗⲉ+"	ϩⲱⲱⲗⲉ, ϩⲟⲗⲉ+, ϩⲁⲗⲉ+	"(S) ϩⲱⲱⲗⲉ, ϩⲟⲗⲉ+
(Sa) ϩⲁⲗⲉ+"	ϩⲱⲱⲗⲉ (S)			complete	verb		<b>intr:</b> <i>meaning unknown (prob not all same)</i>	intr: meaning unknown (prob not all same)	<b>intr:</b> <i>meaning unknown (prob not all same)</i>	<b>intr:</b> <i>meaning unknown (prob not all same)</i>	<b>intr:</b> <i>meaning unknown (prob not all same)</i>	intr: meaning unknown (prob not all same)	https://coptot.manuscriptroom.com/crum-coptic-dictionary?pageID=667b	667	b	ϩⲱⲱⲗⲉ, ϩⲟⲗⲉ+	ϩⲱⲱⲗⲉ	ϩⲁⲗⲉ+	ϩⲁⲗⲉ+																	3252	3250	667			
3252	(B) Hloul	1	(meaning uncertain)	(meaning uncertain)		669a	6	0	2010-03-22	1900-01-01	vagrant		https://pishoyg.github.io/crum/3252.html	(B) ϩⲗⲟⲩⲗ	(B) ϩⲗⲟⲩⲗ	(B) ϩⲗⲟⲩⲗ	(B) ϩⲗⲟⲩⲗ	ϩⲗⲟⲩⲗ	(B) ϩⲗⲟⲩⲗ (ⲡ)	ϩⲗⲟⲩⲗ (B)			complete	noun male		<i>meaning uncertain</i>	meaning uncertain	<i>meaning uncertain</i>	<i>meaning uncertain</i>	<i>meaning uncertain</i>	meaning uncertain	https://coptot.manuscriptroom.com/crum-coptic-dictionary?pageID=669a	669	a											ϩⲗⲟⲩⲗ (ⲡ)	ϩⲗⲟⲩⲗ									3253	3251	669			
3253	(B) Halwli,Haloli,Heloli,Halwouli	6	light, frivolous	light, frivolous		670a	6	0	2010-03-22	1900-01-01	vagrant		https://pishoyg.github.io/crum/3253.html	(B) ϩⲁⲗⲱⲗⲓ, ϩⲁⲗⲟⲗⲓ, ϩⲉⲗⲟⲗⲓ, ϩⲁⲗⲱⲟⲩⲗⲓ	(B) ϩⲁⲗⲱⲗⲓ, ϩⲁⲗⲟⲗⲓ, ϩⲉⲗⲟⲗⲓ, ϩⲁⲗⲱⲟⲩⲗⲓ	(B) ϩⲁⲗⲱⲗⲓ, ϩⲁⲗⲟⲗⲓ, ϩⲉⲗⲟⲗⲓ, ϩⲁⲗⲱⲟⲩⲗⲓ	(B) ϩⲁⲗⲱⲗⲓ, ϩⲁⲗⲟⲗⲓ, ϩⲉⲗⲟⲗⲓ, ϩⲁⲗⲱⲟⲩⲗⲓ	ϩⲁⲗⲱⲗⲓ, ϩⲁⲗⲟⲗⲓ, ϩⲉⲗⲟⲗⲓ, ϩⲁⲗⲱⲟⲩⲗⲓ	(B) ϩⲁⲗⲱⲗⲓ, ϩⲁⲗⲟⲗⲓ, ϩⲉⲗⲟⲗⲓ, ϩⲁⲗⲱⲟⲩⲗⲓ (adj.)	ϩⲁⲗⲱⲗⲓ (B)			complete	adjective		light, frivolous	light, frivolous	light, frivolous	light, frivolous	light, frivolous	light, frivolous	https://coptot.manuscriptroom.com/crum-coptic-dictionary?pageID=670a	670	a											ϩⲁⲗⲱⲗⲓ, ϩⲁⲗⲟⲗⲓ, ϩⲉⲗⲟⲗⲓ, ϩⲁⲗⲱⲟⲩⲗⲓ (adj.)	ϩⲁⲗⲱⲗⲓ									3254	3252	670			
3254	(S) $^Hwlem^$,Helem-	2	(meaning unknown)	(meaning unknown)		670b	6	0	2010-03-22	1900-01-01	vagrant		https://pishoyg.github.io/crum/3254.html	(S) (ϩⲱⲗⲉⲙ), ϩⲉⲗⲉⲙ-	(S) (ϩⲱⲗⲉⲙ), ϩⲉⲗⲉⲙ-	(S) (ϩⲱⲗⲉⲙ), ϩⲉⲗⲉⲙ-	(S) (ϩⲱⲗⲉⲙ), ϩⲉⲗⲉⲙ-	(ϩⲱⲗⲉⲙ), ϩⲉⲗⲉⲙ-	(S) (ϩⲱⲗⲉⲙ), ϩⲉⲗⲉⲙ-	ϩⲱⲗⲉⲙ (S)			complete	verb		<i>meaning unknown</i>	meaning unknown	<i>meaning unknown</i>	<i>meaning unknown</i>	<i>meaning unknown</i>	meaning unknown	https://coptot.manuscriptroom.com/crum-coptic-dictionary?pageID=670b	670	b	(ϩⲱⲗⲉⲙ), ϩⲉⲗⲉⲙ-	ϩⲱⲗⲉⲙ																			3255	3253	670			
3255	(B) *Halmh	3	(meaning unknown)	(meaning unknown)		670b	6	0	2010-03-22	1900-01-01	vagrant		https://pishoyg.github.io/crum/3255.html	(B) <i>plural: </i>ϩⲁⲗⲙⲏ	(B) <i>plural: </i>ϩⲁⲗⲙⲏ	(B) plural: ϩⲁⲗⲙⲏ	(B) plural: ϩⲁⲗⲙⲏ	ϩⲁⲗⲙⲏ (ⲛ)	(B) ϩⲁⲗⲙⲏ (ⲛ)	ϩⲁⲗⲙⲏ (B)			complete	noun		<i>meaning unknown</i>	meaning unknown	<i>meaning unknown</i>	<i>meaning unknown</i>	<i>meaning unknown</i>	meaning unknown	https://coptot.manuscriptroom.com/crum-coptic-dictionary?pageID=670b	670	b											ϩⲁⲗⲙⲏ (ⲛ)	ϩⲁⲗⲙⲏ									3256	3254	670			
3256	(S) *HalShu	3	(meaning unknown)	(meaning unknown)		672a	6	0	2010-03-23	1900-01-01	vagrant		https://pishoyg.github.io/crum/3256.html	(S) <i>plural: </i>ϩⲁⲗϣⲏⲩ	(S) <i>plural: </i>ϩⲁⲗϣⲏⲩ	(S) plural: ϩⲁⲗϣⲏⲩ	(S) plural: ϩⲁⲗϣⲏⲩ	ϩⲁⲗϣⲏⲩ (ⲛ)	(S) ϩⲁⲗϣⲏⲩ (ⲛ)	ϩⲁⲗϣⲏⲩ (S)			complete	noun		<i>meaning unknown</i>	meaning unknown	<i>meaning unknown</i>	<i>meaning unknown</i>	<i>meaning unknown</i>	meaning unknown	https://coptot.manuscriptroom.com/crum-coptic-dictionary?pageID=672a	672	a	ϩⲁⲗϣⲏⲩ (ⲛ)	ϩⲁⲗϣⲏⲩ																			3257	3255	672			
3257	HelHelei,HelHellei	4	(as place-name)	(as place-name)		672b	6	0	2010-03-23	1900-01-01	vagrant		https://pishoyg.github.io/crum/3257.html	ϩⲉⲗϩⲉⲗⲉⲓ, ϩⲉⲗϩⲉⲗⲗⲉⲓ	ϩⲉⲗϩⲉⲗⲉⲓ, ϩⲉⲗϩⲉⲗⲗⲉⲓ	ϩⲉⲗϩⲉⲗⲉⲓ, ϩⲉⲗϩⲉⲗⲗⲉⲓ	ϩⲉⲗϩⲉⲗⲉⲓ, ϩⲉⲗϩⲉⲗⲗⲉⲓ	ϩⲉⲗϩⲉⲗⲉⲓ, ϩⲉⲗϩⲉⲗⲗⲉⲓ	ϩⲉⲗϩⲉⲗⲉⲓ, ϩⲉⲗϩⲉⲗⲗⲉⲓ (ⲧ)				complete	noun female		<i>as place-name</i>	as place-name	<i>as place-name</i>	<i>as place-name</i>	<i>as place-name</i>	as place-name	https://coptot.manuscriptroom.com/crum-coptic-dictionary?pageID=672b	672	b	ϩⲉⲗϩⲉⲗⲉⲓ, ϩⲉⲗϩⲉⲗⲗⲉⲓ (ⲧ)	ϩⲉⲗϩⲉⲗⲉⲓ	ϩⲉⲗϩⲉⲗⲉⲓ, ϩⲉⲗϩⲉⲗⲗⲉⲓ (ⲧ)	ϩⲉⲗϩⲉⲗⲉⲓ	ϩⲉⲗϩⲉⲗⲉⲓ, ϩⲉⲗϩⲉⲗⲗⲉⲓ (ⲧ)	ϩⲉⲗϩⲉⲗⲉⲓ	ϩⲉⲗϩⲉⲗⲉⲓ, ϩⲉⲗϩⲉⲗⲗⲉⲓ (ⲧ)	ϩⲉⲗϩⲉⲗⲉⲓ	ϩⲉⲗϩⲉⲗⲉⲓ, ϩⲉⲗϩⲉⲗⲗⲉⲓ (ⲧ)	ϩⲉⲗϩⲉⲗⲉⲓ	ϩⲉⲗϩⲉⲗⲉⲓ, ϩⲉⲗϩⲉⲗⲗⲉⲓ (ⲧ)	ϩⲉⲗϩⲉⲗⲉⲓ	ϩⲉⲗϩⲉⲗⲉⲓ, ϩⲉⲗϩⲉⲗⲗⲉⲓ (ⲧ)	ϩⲉⲗϩⲉⲗⲉⲓ	ϩⲉⲗϩⲉⲗⲉⲓ, ϩⲉⲗϩⲉⲗⲗⲉⲓ (ⲧ)	ϩⲉⲗϩⲉⲗⲉⲓ	ϩⲉⲗϩⲉⲗⲉⲓ, ϩⲉⲗϩⲉⲗⲗⲉⲓ (ⲧ)	ϩⲉⲗϩⲉⲗⲉⲓ	ϩⲉⲗϩⲉⲗⲉⲓ, ϩⲉⲗϩⲉⲗⲗⲉⲓ (ⲧ)	ϩⲉⲗϩⲉⲗⲉⲓ	3258	3256	672			
3258	(S) HalHwl *^or [HalHwte]^*	3	(in list of utensils)	(in list of utensils)		672b	6	0	2010-03-23	1900-01-01	vagrant		https://pishoyg.github.io/crum/3258.html	(S) ϩⲁⲗϩⲱⲗ {or ϩⲁⲗϩⲱⲧⲉ}	(S) ϩⲁⲗϩⲱⲗ {or ϩⲁⲗϩⲱⲧⲉ}	(S) ϩⲁⲗϩⲱⲗ {or ϩⲁⲗϩⲱⲧⲉ}	(S) ϩⲁⲗϩⲱⲗ {or ϩⲁⲗϩⲱⲧⲉ}	ϩⲁⲗϩⲱⲗ {or ϩⲁⲗϩⲱⲧⲉ}	(S) ϩⲁⲗϩⲱⲗ {or ϩⲁⲗϩⲱⲧⲉ} (noun)	ϩⲁⲗϩⲱⲗ {or ϩⲁⲗϩⲱⲧⲉ} (S)			complete	noun		<i>in list of utensils</i>	in list of utensils	<i>in list of utensils</i>	<i>in list of utensils</i>	<i>in list of utensils</i>	in list of utensils	https://coptot.manuscriptroom.com/crum-coptic-dictionary?pageID=672b	672	b	ϩⲁⲗϩⲱⲗ {or ϩⲁⲗϩⲱⲧⲉ} (noun)	ϩⲁⲗϩⲱⲗ {or ϩⲁⲗϩⲱⲧⲉ}																			3259	3257	672			
3259	(S) HalaHwm	1	(a vessel /*?*/)	(a vessel /*?*/)		672b	6	0	2010-03-23	1900-01-01	vagrant		https://pishoyg.github.io/crum/3259.html	(S) ϩⲁⲗⲁϩⲱⲙ	(S) ϩⲁⲗⲁϩⲱⲙ	(S) ϩⲁⲗⲁϩⲱⲙ	(S) ϩⲁⲗⲁϩⲱⲙ	ϩⲁⲗⲁϩⲱⲙ	(S) ϩⲁⲗⲁϩⲱⲙ (ⲡ)	ϩⲁⲗⲁϩⲱⲙ (S)			complete	noun male		<i>a vessel (?)</i>	a vessel (?)	<i>a vessel (?)</i>	<i>a vessel (?)</i>	<i>a vessel (?)</i>	a vessel (?)	https://coptot.manuscriptroom.com/crum-coptic-dictionary?pageID=672b	672	b	ϩⲁⲗⲁϩⲱⲙ (ⲡ)	ϩⲁⲗⲁϩⲱⲙ																			3260	3258	672			
3260	(B) HliJi	1	diarrhoea	diarrhoea		672b	6	0	2010-03-23	1900-01-01	vagrant		https://pishoyg.github.io/crum/3260.html	(B) ϩⲗⲓϫⲓ	(B) ϩⲗⲓϫⲓ	(B) ϩⲗⲓϫⲓ	(B) ϩⲗⲓϫⲓ	ϩⲗⲓϫⲓ	(B) ϩⲗⲓϫⲓ (ⲡ)	ϩⲗⲓϫⲓ (B)			complete	noun male		diarrhoea	diarrhoea	diarrhoea	diarrhoea	diarrhoea	diarrhoea	https://coptot.manuscriptroom.com/crum-coptic-dictionary?pageID=672b	672	b											ϩⲗⲓϫⲓ (ⲡ)	ϩⲗⲓϫⲓ									3261	3259	672			
3261	(S) HloJleJ	3	(meaning unknown)	(meaning unknown)		672b	6	0	2010-03-23	1900-01-01	vagrant		https://pishoyg.github.io/crum/3261.html	(S) ϩⲗⲟϫⲗⲉϫ	(S) ϩⲗⲟϫⲗⲉϫ	(S) ϩⲗⲟϫⲗⲉϫ	(S) ϩⲗⲟϫⲗⲉϫ	ϩⲗⲟϫⲗⲉϫ	(S) ϩⲗⲟϫⲗⲉϫ (noun)	ϩⲗⲟϫⲗⲉϫ (S)			complete	noun		<i>meaning unknown</i>	meaning unknown	<i>meaning unknown</i>	<i>meaning unknown</i>	<i>meaning unknown</i>	meaning unknown	https://coptot.manuscriptroom.com/crum-coptic-dictionary?pageID=672b	672	b	ϩⲗⲟϫⲗⲉϫ (noun)	ϩⲗⲟϫⲗⲉϫ																			3262	3260	672			
3262	(sA) Ham	1	(meaning unknown)	(meaning unknown)		674a	6	0	2010-03-23	1900-01-01	vagrant		https://pishoyg.github.io/crum/3262.html	(sA) ϩⲁⲙ	(sA) ϩⲁⲙ	(sA) ϩⲁⲙ	(sA) ϩⲁⲙ	ϩⲁⲙ	(sA) ϩⲁⲙ (ⲡ)				complete	noun male		<i>meaning unknown</i>	meaning unknown	<i>meaning unknown</i>	<i>meaning unknown</i>	<i>meaning unknown</i>	meaning unknown	https://coptot.manuscriptroom.com/crum-coptic-dictionary?pageID=674a	674	a									ϩⲁⲙ (ⲡ)	ϩⲁⲙ											3263	3261	674			
3263	(S) Houm	3	(meaning unknown)	(meaning unknown)		674b	6	0	2010-03-23	1900-01-01	vagrant		https://pishoyg.github.io/crum/3263.html	(S) ϩⲟⲩⲙ	(S) ϩⲟⲩⲙ	(S) ϩⲟⲩⲙ	(S) ϩⲟⲩⲙ	ϩⲟⲩⲙ	(S) ϩⲟⲩⲙ (noun)	ϩⲟⲩⲙ (S)			complete	noun		<i>meaning unknown</i>	meaning unknown	<i>meaning unknown</i>	<i>meaning unknown</i>	<i>meaning unknown</i>	meaning unknown	https://coptot.manuscriptroom.com/crum-coptic-dictionary?pageID=674b	674	b	ϩⲟⲩⲙ (noun)	ϩⲟⲩⲙ																			3264	3262	674			
3264	(S) Hmn	3	(meaning unknown, part /*?*/ of a garment)	(meaning unknown, part /*?*/ of a garment)		678a	6	0	2010-03-23	1900-01-01	vagrant		https://pishoyg.github.io/crum/3264.html	(S) ϩⲙⲛ	(S) ϩⲙⲛ	(S) ϩⲙⲛ	(S) ϩⲙⲛ	ϩⲙⲛ	(S) ϩⲙⲛ (noun)	ϩⲙⲛ (S)			complete	noun		<i>meaning unknown, part (?) of a garment</i>	meaning unknown, part (?) of a garment	<i>meaning unknown, part (?) of a garment</i>	<i>meaning unknown, part (?) of a garment</i>	<i>meaning unknown, part (?) of a garment</i>	meaning unknown, part (?) of a garment	https://coptot.manuscriptroom.com/crum-coptic-dictionary?pageID=678a	678	a	ϩⲙⲛ (noun)	ϩⲙⲛ																			3265	3263	678			
3265	(S) Hamanei	3	(form doubtful, meaning unknown)	(form doubtful, meaning unknown)		678a	6	0	2010-03-23	1900-01-01	vagrant		https://pishoyg.github.io/crum/3265.html	(S) ϩⲁⲙⲁⲛⲉⲓ	(S) ϩⲁⲙⲁⲛⲉⲓ	(S) ϩⲁⲙⲁⲛⲉⲓ	(S) ϩⲁⲙⲁⲛⲉⲓ	ϩⲁⲙⲁⲛⲉⲓ	(S) ϩⲁⲙⲁⲛⲉⲓ (noun)	ϩⲁⲙⲁⲛⲉⲓ (S)			complete	noun		<i>form doubtful, meaning unknown</i>	form doubtful, meaning unknown	<i>form doubtful, meaning unknown</i>	<i>form doubtful, meaning unknown</i>	<i>form doubtful, meaning unknown</i>	form doubtful, meaning unknown	https://coptot.manuscriptroom.com/crum-coptic-dictionary?pageID=678a	678	a	ϩⲁⲙⲁⲛⲉⲓ (noun)	ϩⲁⲙⲁⲛⲉⲓ																			3266	3264	678			
3266	(S) Ho$^o^$mes	3	water-jar /*?*/	water-jar /*?*/		679a	6	0	2010-03-23	1900-01-01	vagrant		https://pishoyg.github.io/crum/3266.html	(S) ϩⲟ(ⲟ)ⲙⲉⲥ	(S) ϩⲟ(ⲟ)ⲙⲉⲥ	(S) ϩⲟ(ⲟ)ⲙⲉⲥ	(S) ϩⲟ(ⲟ)ⲙⲉⲥ	ϩⲟⲙⲉⲥ, ϩⲟⲟⲙⲉⲥ	(S) ϩⲟⲙⲉⲥ, ϩⲟⲟⲙⲉⲥ (noun)	ϩⲟⲙⲉⲥ (S)			complete	noun		water-jar (?)	water-jar (?)	water-jar (?)	water-jar (?)	water-jar (?)	water-jar (?)	https://coptot.manuscriptroom.com/crum-coptic-dictionary?pageID=679a	679	a	ϩⲟⲙⲉⲥ, ϩⲟⲟⲙⲉⲥ (noun)	ϩⲟⲙⲉⲥ																			3267	3265	679			
3267	(S) Han	1	(meaning unknown)	(meaning unknown)		683a	6	0	2010-03-24	1900-01-01	vagrant		https://pishoyg.github.io/crum/3267.html	(S) ϩⲁⲛ	(S) ϩⲁⲛ	(S) ϩⲁⲛ	(S) ϩⲁⲛ	ϩⲁⲛ	(S) ϩⲁⲛ (ⲡ)	ϩⲁⲛ (S)			complete	noun male		<i>meaning unknown</i>	meaning unknown	<i>meaning unknown</i>	<i>meaning unknown</i>	<i>meaning unknown</i>	meaning unknown	https://coptot.manuscriptroom.com/crum-coptic-dictionary?pageID=683a	683	a	ϩⲁⲛ (ⲡ)	ϩⲁⲛ																			3268	3266	683			
3268	(S) Hne	3	(meaning unknown)	(meaning unknown)		690b	6	0	2010-03-24	1900-01-01	vagrant		https://pishoyg.github.io/crum/3268.html	(S) ϩⲛⲉ	(S) ϩⲛⲉ	(S) ϩⲛⲉ	(S) ϩⲛⲉ	ϩⲛⲉ	(S) ϩⲛⲉ (noun)	ϩⲛⲉ (S)			complete	noun		<i>meaning unknown</i>	meaning unknown	<i>meaning unknown</i>	<i>meaning unknown</i>	<i>meaning unknown</i>	meaning unknown	https://coptot.manuscriptroom.com/crum-coptic-dictionary?pageID=690b	690	b	ϩⲛⲉ (noun)	ϩⲛⲉ																			3269	3267	690			
3269	(S) Hont	2	{qual:} (meaning unknown)	{qual:} (meaning unknown)		691b	6	0	2010-03-24	1900-01-01	vagrant		https://pishoyg.github.io/crum/3269.html	(S) ϩⲟⲛⲧ	(S) ϩⲟⲛⲧ	(S) ϩⲟⲛⲧ	(S) ϩⲟⲛⲧ	ϩⲟⲛⲧ	(S) ϩⲟⲛⲧ	ϩⲟⲛⲧ (S)			complete	verb		<b>qual:</b> <i>meaning unknown</i>	qual: meaning unknown	<b>qual:</b> <i>meaning unknown</i>	<b>qual:</b> <i>meaning unknown</i>	<b>qual:</b> <i>meaning unknown</i>	qual: meaning unknown	https://coptot.manuscriptroom.com/crum-coptic-dictionary?pageID=691b	691	b	ϩⲟⲛⲧ	ϩⲟⲛⲧ																			3270	3268	691			
3270	(S) Honte	4	(meaning unknown)	(meaning unknown)		692a	6	0	2010-03-24	1900-01-01	vagrant		https://pishoyg.github.io/crum/3270.html	(S) ϩⲟⲛⲧⲉ	(S) ϩⲟⲛⲧⲉ	(S) ϩⲟⲛⲧⲉ	(S) ϩⲟⲛⲧⲉ	ϩⲟⲛⲧⲉ	(S) ϩⲟⲛⲧⲉ (ⲧ)	ϩⲟⲛⲧⲉ (S)			complete	noun female		<i>meaning unknown</i>	meaning unknown	<i>meaning unknown</i>	<i>meaning unknown</i>	<i>meaning unknown</i>	meaning unknown	https://coptot.manuscriptroom.com/crum-coptic-dictionary?pageID=692a	692	a	ϩⲟⲛⲧⲉ (ⲧ)	ϩⲟⲛⲧⲉ																			3271	3269	692			
3271	(B) Hnau	1	flowering branch (of palm)	flowering branch (of palm)		693a	6	0	2010-03-24	1900-01-01	vagrant		https://pishoyg.github.io/crum/3271.html	(B) ϩⲛⲁⲩ	(B) ϩⲛⲁⲩ	(B) ϩⲛⲁⲩ	(B) ϩⲛⲁⲩ	ϩⲛⲁⲩ	(B) ϩⲛⲁⲩ (ⲡ)	ϩⲛⲁⲩ (B)			complete	noun male		flowering branch <i>of palm</i>	flowering branch of palm	flowering branch <i>of palm</i>	flowering branch <i>of palm</i>	flowering branch <i>of palm</i>	flowering branch of palm	https://coptot.manuscriptroom.com/crum-coptic-dictionary?pageID=693a	693	a											ϩⲛⲁⲩ (ⲡ)	ϩⲛⲁⲩ									3272	3270	693			
3272	(S) Har	1	(meaning unknown)	(meaning unknown)		696b	6	0	2010-03-25	1900-01-01	vagrant		https://pishoyg.github.io/crum/3272.html	(S) ϩⲁⲣ	(S) ϩⲁⲣ	(S) ϩⲁⲣ	(S) ϩⲁⲣ	ϩⲁⲣ	(S) ϩⲁⲣ (ⲡ)	ϩⲁⲣ (S)			complete	noun male		<i>meaning unknown</i>	meaning unknown	<i>meaning unknown</i>	<i>meaning unknown</i>	<i>meaning unknown</i>	meaning unknown	https://coptot.manuscriptroom.com/crum-coptic-dictionary?pageID=696b	696	b	ϩⲁⲣ (ⲡ)	ϩⲁⲣ																			3273	3271	696			
3273	(S) *Her	3				696b	6	0	2010-03-25	1900-01-01	vagrant		https://pishoyg.github.io/crum/3273.html	(S) <i>plural: </i>ϩⲉⲣ	(S) <i>plural: </i>ϩⲉⲣ	(S) plural: ϩⲉⲣ	(S) plural: ϩⲉⲣ	ϩⲉⲣ (ⲛ)	(S) ϩⲉⲣ (ⲛ)	ϩⲉⲣ (S)			complete	noun								https://coptot.manuscriptroom.com/crum-coptic-dictionary?pageID=696b	696	b	ϩⲉⲣ (ⲛ)	ϩⲉⲣ																			3274	3272	696			
3274	(S) Hhr	1	(meaning unknown)	(meaning unknown)		696b	6	0	2010-03-25	1900-01-01	vagrant		https://pishoyg.github.io/crum/3274.html	(S) ϩⲏⲣ	(S) ϩⲏⲣ	(S) ϩⲏⲣ	(S) ϩⲏⲣ	ϩⲏⲣ	(S) ϩⲏⲣ (ⲡ)	ϩⲏⲣ (S)			complete	noun male		<i>meaning unknown</i>	meaning unknown	<i>meaning unknown</i>	<i>meaning unknown</i>	<i>meaning unknown</i>	meaning unknown	https://coptot.manuscriptroom.com/crum-coptic-dictionary?pageID=696b	696	b	ϩⲏⲣ (ⲡ)	ϩⲏⲣ																			3275	3273	696			
3275	(B) Hir+	2	{qual /*?*/:} (meaning doubtful)	{qual /*?*/:} (meaning doubtful)		697a	6	0	2010-03-25	1900-01-01	vagrant		https://pishoyg.github.io/crum/3275.html	(B) ϩⲓⲣ+	(B) ϩⲓⲣ+	(B) ϩⲓⲣ+	(B) ϩⲓⲣ+	ϩⲓⲣ+	(B) ϩⲓⲣ+	ϩⲓⲣ+ (B)			complete	verb		<b>qual (?):</b> <i>meaning doubtful</i>	qual (?): meaning doubtful	<b>qual (?):</b> <i>meaning doubtful</i>	<b>qual (?):</b> <i>meaning doubtful</i>	<b>qual (?):</b> <i>meaning doubtful</i>	qual (?): meaning doubtful	https://coptot.manuscriptroom.com/crum-coptic-dictionary?pageID=697a	697	a											ϩⲓⲣ+	ϩⲓⲣ+									3276	3274	697			
3276	(S) Hor	3	(meaning unknown)	(meaning unknown)		697a	6	0	2010-03-25	1900-01-01	vagrant		https://pishoyg.github.io/crum/3276.html	(S) ϩⲟⲣ	(S) ϩⲟⲣ	(S) ϩⲟⲣ	(S) ϩⲟⲣ	ϩⲟⲣ	(S) ϩⲟⲣ (noun)	ϩⲟⲣ (S)			complete	noun		<i>meaning unknown</i>	meaning unknown	<i>meaning unknown</i>	<i>meaning unknown</i>	<i>meaning unknown</i>	meaning unknown	https://coptot.manuscriptroom.com/crum-coptic-dictionary?pageID=697a	697	a	ϩⲟⲣ (noun)	ϩⲟⲣ																			3277	3275	697			
3277	(S) Hwra	4	(meaning doubtful)	(meaning doubtful)		697b	6	0	2010-03-25	1900-01-01	vagrant		https://pishoyg.github.io/crum/3277.html	(S) ϩⲱⲣⲁ	(S) ϩⲱⲣⲁ	(S) ϩⲱⲣⲁ	(S) ϩⲱⲣⲁ	ϩⲱⲣⲁ	(S) ϩⲱⲣⲁ (ⲧ)	ϩⲱⲣⲁ (S)			complete	noun female		<i>meaning doubtful</i>	meaning doubtful	<i>meaning doubtful</i>	<i>meaning doubtful</i>	<i>meaning doubtful</i>	meaning doubtful	https://coptot.manuscriptroom.com/crum-coptic-dictionary?pageID=697b	697	b	ϩⲱⲣⲁ (ⲧ)	ϩⲱⲣⲁ																			3278	3276	697			
3278	(S) Here	3	(meaning unknown)	(meaning unknown)		697b	6	0	2010-03-25	1900-01-01	vagrant		https://pishoyg.github.io/crum/3278.html	(S) ϩⲉⲣⲉ	(S) ϩⲉⲣⲉ	(S) ϩⲉⲣⲉ	(S) ϩⲉⲣⲉ	ϩⲉⲣⲉ	(S) ϩⲉⲣⲉ (noun)	ϩⲉⲣⲉ (S)			complete	noun		<i>meaning unknown</i>	meaning unknown	<i>meaning unknown</i>	<i>meaning unknown</i>	<i>meaning unknown</i>	meaning unknown	https://coptot.manuscriptroom.com/crum-coptic-dictionary?pageID=697b	697	b	ϩⲉⲣⲉ (noun)	ϩⲉⲣⲉ																			3279	3277	697			
3279	(S) Heere	1	(meaning unknown, title or occupation)	(meaning unknown, title or occupation)		697b	6	0	2010-03-25	1900-01-01	vagrant		https://pishoyg.github.io/crum/3279.html	(S) ϩⲉⲉⲣⲉ	(S) ϩⲉⲉⲣⲉ	(S) ϩⲉⲉⲣⲉ	(S) ϩⲉⲉⲣⲉ	ϩⲉⲉⲣⲉ	(S) ϩⲉⲉⲣⲉ (ⲡ)	ϩⲉⲉⲣⲉ (S)			complete	noun male		<i>meaning unknown, title or occupation</i>	meaning unknown, title or occupation	<i>meaning unknown, title or occupation</i>	<i>meaning unknown, title or occupation</i>	<i>meaning unknown, title or occupation</i>	meaning unknown, title or occupation	https://coptot.manuscriptroom.com/crum-coptic-dictionary?pageID=697b	697	b	ϩⲉⲉⲣⲉ (ⲡ)	ϩⲉⲉⲣⲉ																			3280	3278	697			
3280	(S) Hhre	3	(meaning unknown)	(meaning unknown)		697b	6	0	2010-03-25	1900-01-01	vagrant		https://pishoyg.github.io/crum/3280.html	(S) ϩⲏⲣⲉ	(S) ϩⲏⲣⲉ	(S) ϩⲏⲣⲉ	(S) ϩⲏⲣⲉ	ϩⲏⲣⲉ	(S) ϩⲏⲣⲉ (noun)	ϩⲏⲣⲉ (S)			complete	noun		<i>meaning unknown</i>	meaning unknown	<i>meaning unknown</i>	<i>meaning unknown</i>	<i>meaning unknown</i>	meaning unknown	https://coptot.manuscriptroom.com/crum-coptic-dictionary?pageID=697b	697	b	ϩⲏⲣⲉ (noun)	ϩⲏⲣⲉ																			3281	3279	697			
3281	(S) Hrai (A) Qrhi (sA) Hrhi,Hrhei (B) Krhi (F) Hlhi	1	lower part (opp to [Hrai]) upper part	lower part (opp to [Hrai]) upper part		700a	8	0	2010-03-25	2010-08-12	vagrant	vagrant	https://pishoyg.github.io/crum/3281.html	"(S) ϩⲣⲁⲓ
(A) ⳉⲣⲏⲓ
(sA) ϩⲣⲏⲓ, ϩⲣⲏⲉⲓ
(B) ϧⲣⲏⲓ
(F) ϩⲗⲏⲓ"	"(S) ϩⲣⲁⲓ
(A) ⳉⲣⲏⲓ
(sA) ϩⲣⲏⲓ, ϩⲣⲏⲉⲓ
(B) ϧⲣⲏⲓ
(F) ϩⲗⲏⲓ"	"(S) ϩⲣⲁⲓ
(A) ⳉⲣⲏⲓ
(sA) ϩⲣⲏⲓ, ϩⲣⲏⲉⲓ
(B) ϧⲣⲏⲓ
(F) ϩⲗⲏⲓ"	"(S) ϩⲣⲁⲓ
(A) ⳉⲣⲏⲓ
(sA) ϩⲣⲏⲓ, ϩⲣⲏⲉⲓ
(B) ϧⲣⲏⲓ
(F) ϩⲗⲏⲓ"	ϩⲣⲁⲓ, ⳉⲣⲏⲓ, ϩⲣⲏⲓ, ϩⲣⲏⲉⲓ, ϧⲣⲏⲓ, ϩⲗⲏⲓ	"(S) ϩⲣⲁⲓ (ⲡ)
(A) ⳉⲣⲏⲓ (ⲡ)
(sA) ϩⲣⲏⲓ, ϩⲣⲏⲉⲓ (ⲡ)
(B) ϧⲣⲏⲓ (ⲡ)
(F) ϩⲗⲏⲓ (ⲡ)"	ϧⲣⲏⲓ (B)			complete++	noun male		lower part <i>opp to ϩⲣⲁⲓ</i> upper part	lower part opp to ϩⲣⲁⲓ upper part	lower part <i>opp to ϩⲣⲁⲓ</i> upper part	lower part <i>opp to ϩⲣⲁⲓ</i> upper part	lower part <i>opp to ϩⲣⲁⲓ</i> upper part	lower part opp to ϩⲣⲁⲓ upper part	https://coptot.manuscriptroom.com/crum-coptic-dictionary?pageID=700a	700	a	ϩⲣⲁⲓ (ⲡ)	ϩⲣⲁⲓ					ⳉⲣⲏⲓ (ⲡ)	ⳉⲣⲏⲓ	ϩⲣⲏⲓ, ϩⲣⲏⲉⲓ (ⲡ)	ϩⲣⲏⲓ	ϧⲣⲏⲓ (ⲡ)	ϧⲣⲏⲓ	ϩⲗⲏⲓ (ⲡ)	ϩⲗⲏⲓ							3282	3280	700,701	"<table> <colgroup> <col style=""width: 10.0%;""> <col style=""width: 10.0%;""> <col style=""width: 10.0%;""> <col style=""width: 10.0%;""> <col style=""width: 10.0%;""> <col style=""width: 10.0%;""> <col style=""width: 10.0%;""> <col style=""width: 10.0%;""> <col style=""width: 10.0%;""> <col style=""width: 10.0%;""> </colgroup> <tr> <!--Key: 3535-->  <td colspan=""5"" class=""bordered"">(S) ⲉϩⲣⲁⲓ, ⲉϩⲣⲏ
(A) ⲁⳉⲣⲏⲓ, ⲁⳉⲣⲏ
(sA) ⲁϩⲣⲏⲓ, ⲁϩⲣⲏⲉⲓ, ⲁϩⲣⲏ, ⲉϩⲣⲏ
(B, O) ⲉϧⲣⲏⲓ
(F) ⲉϩⲗⲏⲓ</td> <td colspan=""4"" class=""bordered"">  to below, downward, <i>appended to vbs of motion</i> </td> <td rowspan=""4"" class=""bordered""><b>Crum: </b><a href=""https://coptot.manuscriptroom.com/crum-coptic-dictionary?pageID=700a"">700a</a></td> </tr> <tr> <!--Key: 7946-->   <td colspan=""9"" class=""bordered"">  reinforcing following preposition, mostly with DOWNWARD sense </td>  </tr> <tr> <!--Key: 7947--> <td colspan=""1""></td> <td colspan=""4"" class=""bordered"">ⲉ- (c)</td> <td colspan=""4"" class=""bordered"">   </td>  </tr> <tr> <!--Key: 7948--> <td colspan=""1""></td> <td colspan=""4"" class=""bordered"">ⲉϫⲛ- (c)</td> <td colspan=""4"" class=""bordered"">   </td>  </tr> <tr> <!--Key: 7949--> <td colspan=""1""></td> <td colspan=""4"" class=""bordered"">ϩⲁ- (c)</td> <td colspan=""4"" class=""bordered"">   </td> <td rowspan=""9"" class=""bordered""><b>Crum: </b><a href=""https://coptot.manuscriptroom.com/crum-coptic-dictionary?pageID=700b"">700b</a></td> </tr> <tr> <!--Key: 7950--> <td colspan=""1""></td> <td colspan=""4"" class=""bordered"">ϩⲛ-, ϧⲉⲛ- (c)</td> <td colspan=""4"" class=""bordered"">   </td>  </tr> <tr> <!--Key: 7951--> <td colspan=""1""></td> <td colspan=""4"" class=""bordered"">(B) ϩⲓϫⲉⲛ- (c)</td> <td colspan=""4"" class=""bordered"">   </td>  </tr> <tr> <!--Key: 3536-->  <td colspan=""5"" class=""bordered"">ⲛϩⲣⲁⲓ, ⲛⳉⲣⲁⲓ, ⲛϧⲣⲁⲓ</td> <td colspan=""4"" class=""bordered"">  below </td>  </tr> <tr> <!--Key: 7952--> <td colspan=""1""></td> <td colspan=""4"" class=""bordered"">(B) ϩⲓ- (c)</td> <td colspan=""4"" class=""bordered"">  in, on </td>  </tr> <tr> <!--Key: 7953--> <td colspan=""1""></td> <td colspan=""4"" class=""bordered"">(A, B) ⳉⲛ-, ϧⲉⲛ- (c)</td> <td colspan=""4"" class=""bordered"">  <i>sim</i> </td>  </tr> <tr> <!--Key: 7954--> <td colspan=""1""></td> <td colspan=""4"" class=""bordered"">ϩⲓϫⲛ- (c)</td> <td colspan=""4"" class=""bordered"">   </td>  </tr> <tr> <!--Key: 3537-->  <td colspan=""5"" class=""bordered"">(S) ⲥⲁϩ.
(A) ⲥⲉⳉ., ⲥⲁⳉⲣⲉ
(B) ⲥⲁϧ.
(O) ⲥⲉϧ.</td> <td colspan=""4"" class=""bordered"">  downward, below </td>  </tr> <tr> <!--Key: 7955--> <td colspan=""1""></td> <td colspan=""4"" class=""bordered"">(S, B) ⲛ- (c)</td> <td colspan=""4"" class=""bordered"">   </td>  </tr> <tr> <!--Key: 7956--> <td colspan=""1""></td> <td colspan=""4"" class=""bordered"">(B) ⲉⲣ ⲥ.</td> <td colspan=""4"" class=""bordered"">  be below </td> <td rowspan=""2"" class=""bordered""><b>Crum: </b><a href=""https://coptot.manuscriptroom.com/crum-coptic-dictionary?pageID=701a"">701a</a></td> </tr> <tr> <!--Key: 3538-->  <td colspan=""5"" class=""bordered"">(S) ϣⲁϩ.
(B) ϣⲁⲉϧ.</td> <td colspan=""4"" class=""bordered"">  down to </td>  </tr> </table>"	"<ul> <li> (S) ⲉϩⲣⲁⲓ, ⲉϩⲣⲏ
(A) ⲁⳉⲣⲏⲓ, ⲁⳉⲣⲏ
(sA) ⲁϩⲣⲏⲓ, ⲁϩⲣⲏⲉⲓ, ⲁϩⲣⲏ, ⲉϩⲣⲏ
(B, O) ⲉϧⲣⲏⲓ
(F) ⲉϩⲗⲏⲓ<br/>to below, downward, <i>appended to vbs of motion</i> </li> <li> reinforcing following preposition, mostly with DOWNWARD sense </li> <li> <ul> <li> ⲉ- (c) </li> <li> ⲉϫⲛ- (c) </li> <li> ϩⲁ- (c) </li> <li> ϩⲛ-, ϧⲉⲛ- (c) </li> <li> (B) ϩⲓϫⲉⲛ- (c) </li> </ul> </li> <li> ⲛϩⲣⲁⲓ, ⲛⳉⲣⲁⲓ, ⲛϧⲣⲁⲓ<br/>below </li> <li> <ul> <li> (B) ϩⲓ- (c)<br/>in, on </li> <li> (A, B) ⳉⲛ-, ϧⲉⲛ- (c)<br/><i>sim</i> </li> <li> ϩⲓϫⲛ- (c) </li> </ul> </li> <li> (S) ⲥⲁϩ.
(A) ⲥⲉⳉ., ⲥⲁⳉⲣⲉ
(B) ⲥⲁϧ.
(O) ⲥⲉϧ.<br/>downward, below </li> <li> <ul> <li> (S, B) ⲛ- (c) </li> <li> (B) ⲉⲣ ⲥ.<br/>be below </li> </ul> </li> <li> (S) ϣⲁϩ.
(B) ϣⲁⲉϧ.<br/>down to </li> </ul>"	"(S) ⲉϩⲣⲁⲓ, ⲉϩⲣⲏ
(A) ⲁⳉⲣⲏⲓ, ⲁⳉⲣⲏ
(sA) ⲁϩⲣⲏⲓ, ⲁϩⲣⲏⲉⲓ, ⲁϩⲣⲏ, ⲉϩⲣⲏ
(B, O) ⲉϧⲣⲏⲓ
(F) ⲉϩⲗⲏⲓ to below, downward, appended to vbs of motion
 reinforcing following preposition, mostly with DOWNWARD sense
__ⲉ- (c) 
__ⲉϫⲛ- (c) 
__ϩⲁ- (c) 
__ϩⲛ-, ϧⲉⲛ- (c) 
__(B) ϩⲓϫⲉⲛ- (c) 
ⲛϩⲣⲁⲓ, ⲛⳉⲣⲁⲓ, ⲛϧⲣⲁⲓ below
__(B) ϩⲓ- (c) in, on
__(A, B) ⳉⲛ-, ϧⲉⲛ- (c) sim
__ϩⲓϫⲛ- (c) 
(S) ⲥⲁϩ.
(A) ⲥⲉⳉ., ⲥⲁⳉⲣⲉ
(B) ⲥⲁϧ.
(O) ⲥⲉϧ. downward, below
__(S, B) ⲛ- (c) 
__(B) ⲉⲣ ⲥ. be below
(S) ϣⲁϩ.
(B) ϣⲁⲉϧ. down to"
3282	(S) Hroei	3	(meaning unknown)	(meaning unknown)		701b	6	0	2010-03-25	1900-01-01	vagrant		https://pishoyg.github.io/crum/3282.html	(S) ϩⲣⲟⲉⲓ	(S) ϩⲣⲟⲉⲓ	(S) ϩⲣⲟⲉⲓ	(S) ϩⲣⲟⲉⲓ	ϩⲣⲟⲉⲓ	(S) ϩⲣⲟⲉⲓ (noun)	ϩⲣⲟⲉⲓ (S)			complete	noun		<i>meaning unknown</i>	meaning unknown	<i>meaning unknown</i>	<i>meaning unknown</i>	<i>meaning unknown</i>	meaning unknown	https://coptot.manuscriptroom.com/crum-coptic-dictionary?pageID=701b	701	b	ϩⲣⲟⲉⲓ (noun)	ϩⲣⲟⲉⲓ																			3283	3281	701			
3283	(S) Hrhbe,Hrebe	4	(meaning unknown)	(meaning unknown)		702a	6	0	2010-03-25	1900-01-01	vagrant		https://pishoyg.github.io/crum/3283.html	(S) ϩⲣⲏⲃⲉ, ϩⲣⲉⲃⲉ	(S) ϩⲣⲏⲃⲉ, ϩⲣⲉⲃⲉ	(S) ϩⲣⲏⲃⲉ, ϩⲣⲉⲃⲉ	(S) ϩⲣⲏⲃⲉ, ϩⲣⲉⲃⲉ	ϩⲣⲏⲃⲉ, ϩⲣⲉⲃⲉ	(S) ϩⲣⲏⲃⲉ, ϩⲣⲉⲃⲉ (ⲧ)	ϩⲣⲏⲃⲉ (S)			complete	noun female		<i>meaning unknown</i>	meaning unknown	<i>meaning unknown</i>	<i>meaning unknown</i>	<i>meaning unknown</i>	meaning unknown	https://coptot.manuscriptroom.com/crum-coptic-dictionary?pageID=702a	702	a	ϩⲣⲏⲃⲉ, ϩⲣⲉⲃⲉ (ⲧ)	ϩⲣⲏⲃⲉ																			3284	3282	702			
3284	(sA) Hrap	3	(meaning unknown)	(meaning unknown)		703b	6	0	2010-03-25	1900-01-01	vagrant		https://pishoyg.github.io/crum/3284.html	(sA) ϩⲣⲁⲡ	(sA) ϩⲣⲁⲡ	(sA) ϩⲣⲁⲡ	(sA) ϩⲣⲁⲡ	ϩⲣⲁⲡ	(sA) ϩⲣⲁⲡ (noun)				complete	noun		<i>meaning unknown</i>	meaning unknown	<i>meaning unknown</i>	<i>meaning unknown</i>	<i>meaning unknown</i>	meaning unknown	https://coptot.manuscriptroom.com/crum-coptic-dictionary?pageID=703b	703	b									ϩⲣⲁⲡ (noun)	ϩⲣⲁⲡ											3285	3283	703			
3285	(S) HwrS (Sa) HarS+	2	{intr:} break /*?*/	{intr:} break /*?*/		706a	6	0	2010-03-25	1900-01-01	vagrant		https://pishoyg.github.io/crum/3285.html	"(S) ϩⲱⲣϣ
(Sa) ϩⲁⲣϣ+"	"(S) ϩⲱⲣϣ
(Sa) ϩⲁⲣϣ+"	"(S) ϩⲱⲣϣ
(Sa) ϩⲁⲣϣ+"	"(S) ϩⲱⲣϣ
(Sa) ϩⲁⲣϣ+"	ϩⲱⲣϣ, ϩⲁⲣϣ+	"(S) ϩⲱⲣϣ
(Sa) ϩⲁⲣϣ+"	ϩⲱⲣϣ (S)			complete	verb		<b>intr:</b> break (?)	intr: break (?)	<b>intr:</b> break (?)	<b>intr:</b> break (?)	<b>intr:</b> break (?)	intr: break (?)	https://coptot.manuscriptroom.com/crum-coptic-dictionary?pageID=706a	706	a	ϩⲱⲣϣ	ϩⲱⲣϣ	ϩⲁⲣϣ+	ϩⲁⲣϣ+																	3286	3284	706			
3286	(S) HroH (S) * $$ HrooH	3	(meaning unknown)	(meaning unknown)		708b	6	0	2010-03-25	1900-01-01	vagrant		https://pishoyg.github.io/crum/3286.html	"(S) ϩⲣⲟϩ
(S) <i>plural: </i> <i>(?)</i> ϩⲣⲟⲟϩ"	"(S) ϩⲣⲟϩ
(S) <i>plural: </i> <i>(?)</i> ϩⲣⲟⲟϩ"	"(S) ϩⲣⲟϩ
(S) plural: (?) ϩⲣⲟⲟϩ"	"(S) ϩⲣⲟϩ
(S) plural: (?) ϩⲣⲟⲟϩ"	ϩⲣⲟϩ, ϩⲣⲟⲟϩ (?) (ⲛ)	"(S) ϩⲣⲟϩ (noun)
(S) ϩⲣⲟⲟϩ (?) (ⲛ)"	ϩⲣⲟϩ (S)			complete	noun		<i>meaning unknown</i>	meaning unknown	<i>meaning unknown</i>	<i>meaning unknown</i>	<i>meaning unknown</i>	meaning unknown	https://coptot.manuscriptroom.com/crum-coptic-dictionary?pageID=708b	708	b	"ϩⲣⲟϩ (noun)
ϩⲣⲟⲟϩ (?) (ⲛ)"	ϩⲣⲟϩ																			3287	3285	708			
3287	(F) Hhse	3	(meaning unknown)	(meaning unknown)		710b	6	0	2010-03-26	1900-01-01	vagrant		https://pishoyg.github.io/crum/3287.html	(F) ϩⲏⲥⲉ	(F) ϩⲏⲥⲉ	(F) ϩⲏⲥⲉ	(F) ϩⲏⲥⲉ	ϩⲏⲥⲉ	(F) ϩⲏⲥⲉ (noun)				complete	noun		<i>meaning unknown</i>	meaning unknown	<i>meaning unknown</i>	<i>meaning unknown</i>	<i>meaning unknown</i>	meaning unknown	https://coptot.manuscriptroom.com/crum-coptic-dictionary?pageID=710b	710	b													ϩⲏⲥⲉ (noun)	ϩⲏⲥⲉ							3288	3286	710			
3288	(S) Hot,Hwt,Hote,Hwte (Sf) Haate (F) Hate	1	presence /*?*/ (+ art or poss & [ebol]), opposite /$gk: [[enanti, enantion]]$/	presence /*?*/ (+ art or poss & [ebol]), opposite /$gk: [[enanti, enantion]]$/	enanti, enantion	718b	6	0	2010-03-26	1900-01-01	vagrant		https://pishoyg.github.io/crum/3288.html	"(S) ϩⲟⲧ, ϩⲱⲧ, ϩⲟⲧⲉ, ϩⲱⲧⲉ
(Sf) ϩⲁⲁⲧⲉ
(F) ϩⲁⲧⲉ"	"(S) ϩⲟⲧ, ϩⲱⲧ, ϩⲟⲧⲉ, ϩⲱⲧⲉ
(Sf) ϩⲁⲁⲧⲉ
(F) ϩⲁⲧⲉ"	"(S) ϩⲟⲧ, ϩⲱⲧ, ϩⲟⲧⲉ, ϩⲱⲧⲉ
(Sf) ϩⲁⲁⲧⲉ
(F) ϩⲁⲧⲉ"	"(S) ϩⲟⲧ, ϩⲱⲧ, ϩⲟⲧⲉ, ϩⲱⲧⲉ
(Sf) ϩⲁⲁⲧⲉ
(F) ϩⲁⲧⲉ"	ϩⲟⲧ, ϩⲱⲧ, ϩⲟⲧⲉ, ϩⲱⲧⲉ, ϩⲁⲁⲧⲉ, ϩⲁⲧⲉ	"(S) ϩⲟⲧ, ϩⲱⲧ, ϩⲟⲧⲉ, ϩⲱⲧⲉ (ⲡ)
(Sf) ϩⲁⲁⲧⲉ (ⲡ)
(F) ϩⲁⲧⲉ (ⲡ)"	ϩⲟⲧ (S)			complete	noun male	εναντι, εναντιον	presence (?) <i>+ art or poss & ⲉⲃⲟⲗ</i>, opposite [εναντι, εναντιον]	presence (?) + art or poss & ⲉⲃⲟⲗ, opposite [εναντι, εναντιον]	presence (?) <i>+ art or poss & ⲉⲃⲟⲗ</i>, opposite	"presence (?) <i>+ art or poss & ⲉⲃⲟⲗ</i>, opposite <span style=""opacity:0.7"">[εναντι, εναντιον]</span>"	"presence (?) <i>+ art or poss & ⲉⲃⲟⲗ</i>, opposite <span style=""opacity:0.7"">[<a href=""https://logeion.uchicago.edu/%CE%B5%CE%BD%CE%B1%CE%BD%CF%84%CE%B9"">εναντι</a>, <a href=""https://logeion.uchicago.edu/%CE%B5%CE%BD%CE%B1%CE%BD%CF%84%CE%B9%CE%BF%CE%BD"">εναντιον</a>]</span>"	presence (?) + art or poss & ⲉⲃⲟⲗ, opposite	https://coptot.manuscriptroom.com/crum-coptic-dictionary?pageID=718b	718	b	ϩⲟⲧ, ϩⲱⲧ, ϩⲟⲧⲉ, ϩⲱⲧⲉ (ⲡ)	ϩⲟⲧ			ϩⲁⲁⲧⲉ (ⲡ)	ϩⲁⲁⲧⲉ							ϩⲁⲧⲉ (ⲡ)	ϩⲁⲧⲉ							3289	3287	718			
3289	(S) Hwt,Hot+	2	{intr:} (meaning unknown)	{intr:} (meaning unknown)		719a	6	0	2010-03-26	1900-01-01	vagrant		https://pishoyg.github.io/crum/3289.html	(S) ϩⲱⲧ, ϩⲟⲧ+	(S) ϩⲱⲧ, ϩⲟⲧ+	(S) ϩⲱⲧ, ϩⲟⲧ+	(S) ϩⲱⲧ, ϩⲟⲧ+	ϩⲱⲧ, ϩⲟⲧ+	(S) ϩⲱⲧ, ϩⲟⲧ+	ϩⲱⲧ (S)			complete	verb		<b>intr:</b> <i>meaning unknown</i>	intr: meaning unknown	<b>intr:</b> <i>meaning unknown</i>	<b>intr:</b> <i>meaning unknown</i>	<b>intr:</b> <i>meaning unknown</i>	intr: meaning unknown	https://coptot.manuscriptroom.com/crum-coptic-dictionary?pageID=719a	719	a	ϩⲱⲧ, ϩⲟⲧ+	ϩⲱⲧ																			3290	3288	719			
3290	(S) Hatlooug	3	(meaning unknown)	(meaning unknown)		724a	6	0	2010-03-26	1900-01-01	vagrant		https://pishoyg.github.io/crum/3290.html	(S) ϩⲁⲧⲗⲟⲟⲩⲅ	(S) ϩⲁⲧⲗⲟⲟⲩⲅ	(S) ϩⲁⲧⲗⲟⲟⲩⲅ	(S) ϩⲁⲧⲗⲟⲟⲩⲅ	ϩⲁⲧⲗⲟⲟⲩⲅ	(S) ϩⲁⲧⲗⲟⲟⲩⲅ (noun)	ϩⲁⲧⲗⲟⲟⲩⲅ (S)			complete	noun		<i>meaning unknown</i>	meaning unknown	<i>meaning unknown</i>	<i>meaning unknown</i>	<i>meaning unknown</i>	meaning unknown	https://coptot.manuscriptroom.com/crum-coptic-dictionary?pageID=724a	724	a	ϩⲁⲧⲗⲟⲟⲩⲅ (noun)	ϩⲁⲧⲗⲟⲟⲩⲅ																			3291	3289	724			
3291	(Sa) Hotn	2	(vb c [e-], meaning unknown)	(vb c [e-], meaning unknown)		724b	6	0	2010-03-26	1900-01-01	vagrant		https://pishoyg.github.io/crum/3291.html	(Sa) ϩⲟⲧⲛ	(Sa) ϩⲟⲧⲛ	(Sa) ϩⲟⲧⲛ	(Sa) ϩⲟⲧⲛ	ϩⲟⲧⲛ	(Sa) ϩⲟⲧⲛ				complete	verb		<i>vb c ⲉ- , meaning unknown</i>	vb c ⲉ- , meaning unknown	<i>vb c ⲉ- , meaning unknown</i>	<i>vb c ⲉ- , meaning unknown</i>	<i>vb c ⲉ- , meaning unknown</i>	vb c ⲉ- , meaning unknown	https://coptot.manuscriptroom.com/crum-coptic-dictionary?pageID=724b	724	b			ϩⲟⲧⲛ	ϩⲟⲧⲛ																	3292	3290	724			
3292	(B) HwtF	2	{tr:} nail	{tr:} nail		728a	6	0	2010-03-26	1900-01-01	vagrant		https://pishoyg.github.io/crum/3292.html	(B) ϩⲱⲧϥ	(B) ϩⲱⲧϥ	(B) ϩⲱⲧϥ	(B) ϩⲱⲧϥ	ϩⲱⲧϥ	(B) ϩⲱⲧϥ	ϩⲱⲧϥ (B)			complete	verb		<b>tr:</b> nail	tr: nail	<b>tr:</b> nail	<b>tr:</b> nail	<b>tr:</b> nail	tr: nail	https://coptot.manuscriptroom.com/crum-coptic-dictionary?pageID=728a	728	a											ϩⲱⲧϥ	ϩⲱⲧϥ									3293	3291	728			
3293	(Sa) Hau	1	(something due, named with forced labour)	(something due, named with forced labour)		728b	6	0	2010-03-27	1900-01-01	vagrant		https://pishoyg.github.io/crum/3293.html	(Sa) ϩⲁⲩ	(Sa) ϩⲁⲩ	(Sa) ϩⲁⲩ	(Sa) ϩⲁⲩ	ϩⲁⲩ	(Sa) ϩⲁⲩ (ⲡ)				complete	noun male		<i>something due, named with forced labour</i>	something due, named with forced labour	<i>something due, named with forced labour</i>	<i>something due, named with forced labour</i>	<i>something due, named with forced labour</i>	something due, named with forced labour	https://coptot.manuscriptroom.com/crum-coptic-dictionary?pageID=728b	728	b			ϩⲁⲩ (ⲡ)	ϩⲁⲩ																	3294	3292	728			
3294	(sA) Hout	1	(meaning unknown)	(meaning unknown)		738a	6	0	2010-03-27	1900-01-01	vagrant		https://pishoyg.github.io/crum/3294.html	(sA) ϩⲟⲩⲧ	(sA) ϩⲟⲩⲧ	(sA) ϩⲟⲩⲧ	(sA) ϩⲟⲩⲧ	ϩⲟⲩⲧ	(sA) ϩⲟⲩⲧ (ⲡ)				complete	noun male		<i>meaning unknown</i>	meaning unknown	<i>meaning unknown</i>	<i>meaning unknown</i>	<i>meaning unknown</i>	meaning unknown	https://coptot.manuscriptroom.com/crum-coptic-dictionary?pageID=738a	738	a									ϩⲟⲩⲧ (ⲡ)	ϩⲟⲩⲧ											3295	3293	738			
3295	(B) Houhou	2	{qual:} 	{qual:} 		739b	6	0	2010-03-27	1900-01-01	vagrant		https://pishoyg.github.io/crum/3295.html	(B) ϩⲟⲩⲏⲟⲩ	(B) ϩⲟⲩⲏⲟⲩ	(B) ϩⲟⲩⲏⲟⲩ	(B) ϩⲟⲩⲏⲟⲩ	ϩⲟⲩⲏⲟⲩ	(B) ϩⲟⲩⲏⲟⲩ	ϩⲟⲩⲏⲟⲩ (B)			complete	verb		<b>qual:</b>	qual:	<b>qual:</b>	<b>qual:</b>	<b>qual:</b>	qual:	https://coptot.manuscriptroom.com/crum-coptic-dictionary?pageID=739b	739	b											ϩⲟⲩⲏⲟⲩ	ϩⲟⲩⲏⲟⲩ									3296	3294	739			
3296	(S) HoiSe	1	(meaning unknown)	(meaning unknown)		740b	6	0	2010-03-27	1900-01-01	vagrant		https://pishoyg.github.io/crum/3296.html	(S) ϩⲟⲓϣⲉ	(S) ϩⲟⲓϣⲉ	(S) ϩⲟⲓϣⲉ	(S) ϩⲟⲓϣⲉ	ϩⲟⲓϣⲉ	(S) ϩⲟⲓϣⲉ (ⲡ)	ϩⲟⲓϣⲉ (S)			complete	noun male		<i>meaning unknown</i>	meaning unknown	<i>meaning unknown</i>	<i>meaning unknown</i>	<i>meaning unknown</i>	meaning unknown	https://coptot.manuscriptroom.com/crum-coptic-dictionary?pageID=740b	740	b	ϩⲟⲓϣⲉ (ⲡ)	ϩⲟⲓϣⲉ																			3297	3295	740			
3297	(B) HaH	3	(nn /*adj ?*/, meaning unknown)	(nn /*adj ?*/, meaning unknown)		742a	6	0	2010-03-27	1900-01-01	vagrant		https://pishoyg.github.io/crum/3297.html	(B) ϩⲁϩ	(B) ϩⲁϩ	(B) ϩⲁϩ	(B) ϩⲁϩ	ϩⲁϩ	(B) ϩⲁϩ (noun)	ϩⲁϩ (B)			complete	noun		<i>nn (adj ?), meaning unknown</i>	nn (adj ?), meaning unknown	<i>nn (adj ?), meaning unknown</i>	<i>nn (adj ?), meaning unknown</i>	<i>nn (adj ?), meaning unknown</i>	nn (adj ?), meaning unknown	https://coptot.manuscriptroom.com/crum-coptic-dictionary?pageID=742a	742	a											ϩⲁϩ (noun)	ϩⲁϩ									3298	3296	742			
3298	(S) HwJe *^reading doubtful^*	3	(nn as adj, meaning unknown)	(nn as adj, meaning unknown)		742b	6	0	2010-03-27	1900-01-01	vagrant		https://pishoyg.github.io/crum/3298.html	(S) ϩⲱϫⲉ {reading doubtful}	(S) ϩⲱϫⲉ {reading doubtful}	(S) ϩⲱϫⲉ {reading doubtful}	(S) ϩⲱϫⲉ {reading doubtful}	ϩⲱϫⲉ {reading doubtful}	(S) ϩⲱϫⲉ {reading doubtful} (noun)	ϩⲱϫⲉ {reading doubtful} (S)			complete	noun		<i>nn as adj, meaning unknown</i>	nn as adj, meaning unknown	<i>nn as adj, meaning unknown</i>	<i>nn as adj, meaning unknown</i>	<i>nn as adj, meaning unknown</i>	nn as adj, meaning unknown	https://coptot.manuscriptroom.com/crum-coptic-dictionary?pageID=742b	742	b	ϩⲱϫⲉ {reading doubtful} (noun)	ϩⲱϫⲉ {reading doubtful}																			3299	3297	742			
3299	(S) HwJF	2	(meaning unknown)	(meaning unknown)		743a	6	0	2010-03-27	1900-01-01	vagrant		https://pishoyg.github.io/crum/3299.html	(S) ϩⲱϫϥ	(S) ϩⲱϫϥ	(S) ϩⲱϫϥ	(S) ϩⲱϫϥ	ϩⲱϫϥ	(S) ϩⲱϫϥ	ϩⲱϫϥ (S)			complete	verb		<i>meaning unknown</i>	meaning unknown	<i>meaning unknown</i>	<i>meaning unknown</i>	<i>meaning unknown</i>	meaning unknown	https://coptot.manuscriptroom.com/crum-coptic-dictionary?pageID=743a	743	a	ϩⲱϫϥ	ϩⲱϫϥ																			3300	3298	743			
3300	(B) Jai	2	{intr:} (meaning doubtful)	{intr:} (meaning doubtful)		745b	6	0	2010-03-27	1900-01-01	vagrant		https://pishoyg.github.io/crum/3300.html	(B) ϫⲁⲓ	(B) ϫⲁⲓ	(B) ϫⲁⲓ	(B) ϫⲁⲓ	ϫⲁⲓ	(B) ϫⲁⲓ	ϫⲁⲓ (B)			complete	verb		<b>intr:</b> <i>meaning doubtful</i>	intr: meaning doubtful	<b>intr:</b> <i>meaning doubtful</i>	<b>intr:</b> <i>meaning doubtful</i>	<b>intr:</b> <i>meaning doubtful</i>	intr: meaning doubtful	https://coptot.manuscriptroom.com/crum-coptic-dictionary?pageID=745b	745	b											ϫⲁⲓ	ϫⲁⲓ									3301	3299	745			
3301	(S,B) Jh	4	dish, bowl (for food, incense) /$gk: [[trublion]]$/	dish, bowl (for food, incense) /$gk: [[trublion]]$/	trublion	747b	6	0	2010-03-27	1900-01-01	vagrant		https://pishoyg.github.io/crum/3301.html	(S, B) ϫⲏ	(S, B) ϫⲏ	(S, B) ϫⲏ	(S, B) ϫⲏ	ϫⲏ	(S, B) ϫⲏ (ⲧ)	ϫⲏ (B)			complete	noun female	τρυβλιον	dish, bowl <i>for food, incense</i> [τρυβλιον]	dish, bowl for food, incense [τρυβλιον]	dish, bowl <i>for food, incense</i>	"dish, bowl <i>for food, incense</i> <span style=""opacity:0.7"">[τρυβλιον]</span>"	"dish, bowl <i>for food, incense</i> <span style=""opacity:0.7"">[<a href=""https://logeion.uchicago.edu/%CF%84%CF%81%CF%85%CE%B2%CE%BB%CE%B9%CE%BF%CE%BD"">τρυβλιον</a>]</span>"	dish, bowl for food, incense	https://coptot.manuscriptroom.com/crum-coptic-dictionary?pageID=747b	747	b	ϫⲏ (ⲧ)	ϫⲏ									ϫⲏ (ⲧ)	ϫⲏ									3302	3300	747			
3302	Ji *^in [Jioor]^*	0				751b	6	0	2010-03-27	2010-03-27	vagrant	vagrant	https://pishoyg.github.io/crum/3302.html	ϫⲓ {in ϫⲓⲟⲟⲣ}	ϫⲓ {in ϫⲓⲟⲟⲣ}	ϫⲓ {in ϫⲓⲟⲟⲣ}	ϫⲓ {in ϫⲓⲟⲟⲣ}	ϫⲓ {in ϫⲓⲟⲟⲣ}	ϫⲓ {in ϫⲓⲟⲟⲣ}				complete	-								https://coptot.manuscriptroom.com/crum-coptic-dictionary?pageID=751b	751	b	ϫⲓ {in ϫⲓⲟⲟⲣ}	ϫⲓ {in ϫⲓⲟⲟⲣ}	ϫⲓ {in ϫⲓⲟⲟⲣ}	ϫⲓ {in ϫⲓⲟⲟⲣ}	ϫⲓ {in ϫⲓⲟⲟⲣ}	ϫⲓ {in ϫⲓⲟⲟⲣ}	ϫⲓ {in ϫⲓⲟⲟⲣ}	ϫⲓ {in ϫⲓⲟⲟⲣ}	ϫⲓ {in ϫⲓⲟⲟⲣ}	ϫⲓ {in ϫⲓⲟⲟⲣ}	ϫⲓ {in ϫⲓⲟⲟⲣ}	ϫⲓ {in ϫⲓⲟⲟⲣ}	ϫⲓ {in ϫⲓⲟⲟⲣ}	ϫⲓ {in ϫⲓⲟⲟⲣ}	ϫⲓ {in ϫⲓⲟⲟⲣ}	ϫⲓ {in ϫⲓⲟⲟⲣ}	ϫⲓ {in ϫⲓⲟⲟⲣ}	ϫⲓ {in ϫⲓⲟⲟⲣ}	ϫⲓ {in ϫⲓⲟⲟⲣ}	ϫⲓ {in ϫⲓⲟⲟⲣ}	3303	3301	751			
3303	(F) Jik	3	(meaning unknown /*? not complete*/)	(meaning unknown /*? not complete*/)		761a	6	0	2010-03-28	1900-01-01	vagrant		https://pishoyg.github.io/crum/3303.html	(F) ϫⲓⲕ	(F) ϫⲓⲕ	(F) ϫⲓⲕ	(F) ϫⲓⲕ	ϫⲓⲕ	(F) ϫⲓⲕ (noun)				complete	noun		<i>meaning unknown (? not complete)</i>	meaning unknown (? not complete)	<i>meaning unknown (? not complete)</i>	<i>meaning unknown (? not complete)</i>	<i>meaning unknown (? not complete)</i>	meaning unknown (? not complete)	https://coptot.manuscriptroom.com/crum-coptic-dictionary?pageID=761a	761	a													ϫⲓⲕ (noun)	ϫⲓⲕ							3304	3302	761			
3304	(S) Joukre	3	(meaning unknown)	(meaning unknown)		764a	6	0	2010-03-29	2010-03-29	vagrant	vagrant	https://pishoyg.github.io/crum/3304.html	(S) ϫⲟⲩⲕⲣⲉ	(S) ϫⲟⲩⲕⲣⲉ	(S) ϫⲟⲩⲕⲣⲉ	(S) ϫⲟⲩⲕⲣⲉ	ϫⲟⲩⲕⲣⲉ	(S) ϫⲟⲩⲕⲣⲉ (noun)	ϫⲟⲩⲕⲣⲉ (S)			complete	noun		<i>meaning unknown</i>	meaning unknown	<i>meaning unknown</i>	<i>meaning unknown</i>	<i>meaning unknown</i>	meaning unknown	https://coptot.manuscriptroom.com/crum-coptic-dictionary?pageID=764a	764	a	ϫⲟⲩⲕⲣⲉ (noun)	ϫⲟⲩⲕⲣⲉ																			3305	3303	764			
3305	(sA) Jelw	2	{tr:} (meaning uncertain)	{tr:} (meaning uncertain)		766a	6	0	2010-03-29	1900-01-01	vagrant		https://pishoyg.github.io/crum/3305.html	(sA) ϫⲉⲗⲱ	(sA) ϫⲉⲗⲱ	(sA) ϫⲉⲗⲱ	(sA) ϫⲉⲗⲱ	ϫⲉⲗⲱ	(sA) ϫⲉⲗⲱ				complete	verb		<b>tr:</b> <i>meaning uncertain</i>	tr: meaning uncertain	<b>tr:</b> <i>meaning uncertain</i>	<b>tr:</b> <i>meaning uncertain</i>	<b>tr:</b> <i>meaning uncertain</i>	tr: meaning uncertain	https://coptot.manuscriptroom.com/crum-coptic-dictionary?pageID=766a	766	a									ϫⲉⲗⲱ	ϫⲉⲗⲱ											3306	3304	766			
3306	(F) Jeili	0	/*= [tSeili]*/	/*= [tSeili]*/		766a	6	0	2010-03-29	1900-01-01	vagrant		https://pishoyg.github.io/crum/3306.html	(F) ϫⲉⲓⲗⲓ	(F) ϫⲉⲓⲗⲓ	(F) ϫⲉⲓⲗⲓ	(F) ϫⲉⲓⲗⲓ	ϫⲉⲓⲗⲓ	(F) ϫⲉⲓⲗⲓ				complete	-		(= ⲧϣⲉⲓⲗⲓ)	(= ⲧϣⲉⲓⲗⲓ)	(= ⲧϣⲉⲓⲗⲓ)	(= ⲧϣⲉⲓⲗⲓ)	(= ⲧϣⲉⲓⲗⲓ)	(= ⲧϣⲉⲓⲗⲓ)	https://coptot.manuscriptroom.com/crum-coptic-dictionary?pageID=766a	766	a													ϫⲉⲓⲗⲓ	ϫⲉⲓⲗⲓ							3307	3305	766			
3307	(S) Jieile	3	(meaning unknown)	(meaning unknown)		766a	6	0	2010-03-29	1900-01-01	vagrant		https://pishoyg.github.io/crum/3307.html	(S) ϫⲓⲉⲓⲗⲉ	(S) ϫⲓⲉⲓⲗⲉ	(S) ϫⲓⲉⲓⲗⲉ	(S) ϫⲓⲉⲓⲗⲉ	ϫⲓⲉⲓⲗⲉ	(S) ϫⲓⲉⲓⲗⲉ (noun)	ϫⲓⲉⲓⲗⲉ (S)			complete	noun		<i>meaning unknown</i>	meaning unknown	<i>meaning unknown</i>	<i>meaning unknown</i>	<i>meaning unknown</i>	meaning unknown	https://coptot.manuscriptroom.com/crum-coptic-dictionary?pageID=766a	766	a	ϫⲓⲉⲓⲗⲉ (noun)	ϫⲓⲉⲓⲗⲉ																			3308	3306	766			
3308	(S) Jla	1	(meaning unknown)	(meaning unknown)		766b	6	0	2010-03-29	1900-01-01	vagrant		https://pishoyg.github.io/crum/3308.html	(S) ϫⲗⲁ	(S) ϫⲗⲁ	(S) ϫⲗⲁ	(S) ϫⲗⲁ	ϫⲗⲁ	(S) ϫⲗⲁ (ⲡ)	ϫⲗⲁ (S)			complete	noun male		<i>meaning unknown</i>	meaning unknown	<i>meaning unknown</i>	<i>meaning unknown</i>	<i>meaning unknown</i>	meaning unknown	https://coptot.manuscriptroom.com/crum-coptic-dictionary?pageID=766b	766	b	ϫⲗⲁ (ⲡ)	ϫⲗⲁ																			3309	3307	766			
3309	(sA) Jalbel	3	(meaning unknown)	(meaning unknown)		766b	6	0	2010-03-29	1900-01-01	vagrant		https://pishoyg.github.io/crum/3309.html	(sA) ϫⲁⲗⲃⲉⲗ	(sA) ϫⲁⲗⲃⲉⲗ	(sA) ϫⲁⲗⲃⲉⲗ	(sA) ϫⲁⲗⲃⲉⲗ	ϫⲁⲗⲃⲉⲗ	(sA) ϫⲁⲗⲃⲉⲗ (noun)				complete	noun		<i>meaning unknown</i>	meaning unknown	<i>meaning unknown</i>	<i>meaning unknown</i>	<i>meaning unknown</i>	meaning unknown	https://coptot.manuscriptroom.com/crum-coptic-dictionary?pageID=766b	766	b									ϫⲁⲗⲃⲉⲗ (noun)	ϫⲁⲗⲃⲉⲗ											3310	3308	766			
3310	(B) *Jelkes,Jelkhs	3	bugs	bugs		768a	6	0	2010-03-29	1900-01-01	vagrant		https://pishoyg.github.io/crum/3310.html	(B) <i>plural: </i>ϫⲉⲗⲕⲉⲥ, ϫⲉⲗⲕⲏⲥ	(B) <i>plural: </i>ϫⲉⲗⲕⲉⲥ, ϫⲉⲗⲕⲏⲥ	(B) plural: ϫⲉⲗⲕⲉⲥ, ϫⲉⲗⲕⲏⲥ	(B) plural: ϫⲉⲗⲕⲉⲥ, ϫⲉⲗⲕⲏⲥ	ϫⲉⲗⲕⲉⲥ, ϫⲉⲗⲕⲏⲥ (ⲛ)	(B) ϫⲉⲗⲕⲉⲥ, ϫⲉⲗⲕⲏⲥ (ⲛ)	ϫⲉⲗⲕⲉⲥ (B)			complete	noun		bugs	bugs	bugs	bugs	bugs	bugs	https://coptot.manuscriptroom.com/crum-coptic-dictionary?pageID=768a	768	a											ϫⲉⲗⲕⲉⲥ, ϫⲉⲗⲕⲏⲥ (ⲛ)	ϫⲉⲗⲕⲉⲥ									3311	3309	768			
3311	(S) Jlle	4	(meaning unknown)	(meaning unknown)		768a	6	0	2010-03-29	1900-01-01	vagrant		https://pishoyg.github.io/crum/3311.html	(S) ϫⲗⲗⲉ	(S) ϫⲗⲗⲉ	(S) ϫⲗⲗⲉ	(S) ϫⲗⲗⲉ	ϫⲗⲗⲉ	(S) ϫⲗⲗⲉ (ⲧ)	ϫⲗⲗⲉ (S)			complete	noun female		<i>meaning unknown</i>	meaning unknown	<i>meaning unknown</i>	<i>meaning unknown</i>	<i>meaning unknown</i>	meaning unknown	https://coptot.manuscriptroom.com/crum-coptic-dictionary?pageID=768a	768	a	ϫⲗⲗⲉ (ⲧ)	ϫⲗⲗⲉ																			3312	3310	768			
3312	(S) Jlalo$$	2	{tr /*caus*/:} (meaning unknown, c ? [ebol])	{tr /*caus*/:} (meaning unknown, c ? [ebol])		768a	6	0	2010-03-29	1900-01-01	vagrant		https://pishoyg.github.io/crum/3312.html	(S) ϫⲗⲁⲗⲟ<i>(?)</i>	(S) ϫⲗⲁⲗⲟ<i>(?)</i>	(S) ϫⲗⲁⲗⲟ(?)	(S) ϫⲗⲁⲗⲟ(?)	ϫⲗⲁⲗⲟ (?)	(S) ϫⲗⲁⲗⲟ (?)	ϫⲗⲁⲗⲟ (S)			complete	verb		<b>tr (caus):</b> <i>meaning unknown, c ? ⲉⲃⲟⲗ</i>	tr (caus): meaning unknown, c ? ⲉⲃⲟⲗ	<b>tr (caus):</b> <i>meaning unknown, c ? ⲉⲃⲟⲗ</i>	<b>tr (caus):</b> <i>meaning unknown, c ? ⲉⲃⲟⲗ</i>	<b>tr (caus):</b> <i>meaning unknown, c ? ⲉⲃⲟⲗ</i>	tr (caus): meaning unknown, c ? ⲉⲃⲟⲗ	https://coptot.manuscriptroom.com/crum-coptic-dictionary?pageID=768a	768	a	ϫⲗⲁⲗⲟ (?)	ϫⲗⲁⲗⲟ																			3313	3311	768			
3313	(F) Jilma	3	(meaning unknown, epithet of a garment)	(meaning unknown, epithet of a garment)		768b	6	0	2010-03-29	1900-01-01	vagrant		https://pishoyg.github.io/crum/3313.html	(F) ϫⲓⲗⲙⲁ	(F) ϫⲓⲗⲙⲁ	(F) ϫⲓⲗⲙⲁ	(F) ϫⲓⲗⲙⲁ	ϫⲓⲗⲙⲁ	(F) ϫⲓⲗⲙⲁ (noun)				complete	noun		<i>meaning unknown, epithet of a garment</i>	meaning unknown, epithet of a garment	<i>meaning unknown, epithet of a garment</i>	<i>meaning unknown, epithet of a garment</i>	<i>meaning unknown, epithet of a garment</i>	meaning unknown, epithet of a garment	https://coptot.manuscriptroom.com/crum-coptic-dictionary?pageID=768b	768	b													ϫⲓⲗⲙⲁ (noun)	ϫⲓⲗⲙⲁ							3314	3312	768			
3314	(S) Jalau	0				769a	6	0	2010-03-29	1900-01-01	vagrant		https://pishoyg.github.io/crum/3314.html	(S) ϫⲁⲗⲁⲩ	(S) ϫⲁⲗⲁⲩ	(S) ϫⲁⲗⲁⲩ	(S) ϫⲁⲗⲁⲩ	ϫⲁⲗⲁⲩ	(S) ϫⲁⲗⲁⲩ	ϫⲁⲗⲁⲩ (S)			complete	-								https://coptot.manuscriptroom.com/crum-coptic-dictionary?pageID=769a	769	a	ϫⲁⲗⲁⲩ	ϫⲁⲗⲁⲩ																			3315	3313	769			
3315	(S) JlaHmes	3	(meaning unknown)	(meaning unknown)		769b	6	0	2010-03-29	1900-01-01	vagrant		https://pishoyg.github.io/crum/3315.html	(S) ϫⲗⲁϩⲙⲉⲥ	(S) ϫⲗⲁϩⲙⲉⲥ	(S) ϫⲗⲁϩⲙⲉⲥ	(S) ϫⲗⲁϩⲙⲉⲥ	ϫⲗⲁϩⲙⲉⲥ	(S) ϫⲗⲁϩⲙⲉⲥ (noun)	ϫⲗⲁϩⲙⲉⲥ (S)			complete	noun		<i>meaning unknown</i>	meaning unknown	<i>meaning unknown</i>	<i>meaning unknown</i>	<i>meaning unknown</i>	meaning unknown	https://coptot.manuscriptroom.com/crum-coptic-dictionary?pageID=769b	769	b	ϫⲗⲁϩⲙⲉⲥ (noun)	ϫⲗⲁϩⲙⲉⲥ																			3316	3314	769			
3316	(S) JlaHts	4	(meaning uncertain)	(meaning uncertain)		770a	6	0	2010-03-29	1900-01-01	vagrant		https://pishoyg.github.io/crum/3316.html	(S) ϫⲗⲁϩⲧⲥ	(S) ϫⲗⲁϩⲧⲥ	(S) ϫⲗⲁϩⲧⲥ	(S) ϫⲗⲁϩⲧⲥ	ϫⲗⲁϩⲧⲥ	(S) ϫⲗⲁϩⲧⲥ (ⲧ)	ϫⲗⲁϩⲧⲥ (S)			complete	noun female		<i>meaning uncertain</i>	meaning uncertain	<i>meaning uncertain</i>	<i>meaning uncertain</i>	<i>meaning uncertain</i>	meaning uncertain	https://coptot.manuscriptroom.com/crum-coptic-dictionary?pageID=770a	770	a	ϫⲗⲁϩⲧⲥ (ⲧ)	ϫⲗⲁϩⲧⲥ																			3317	3315	770			
3317	(S) JelJil	3	(meaning unknown)	(meaning unknown)		770a	6	0	2010-03-29	1900-01-01	vagrant		https://pishoyg.github.io/crum/3317.html	(S) ϫⲉⲗϫⲓⲗ	(S) ϫⲉⲗϫⲓⲗ	(S) ϫⲉⲗϫⲓⲗ	(S) ϫⲉⲗϫⲓⲗ	ϫⲉⲗϫⲓⲗ	(S) ϫⲉⲗϫⲓⲗ (noun)	ϫⲉⲗϫⲓⲗ (S)			complete	noun		<i>meaning unknown</i>	meaning unknown	<i>meaning unknown</i>	<i>meaning unknown</i>	<i>meaning unknown</i>	meaning unknown	https://coptot.manuscriptroom.com/crum-coptic-dictionary?pageID=770a	770	a	ϫⲉⲗϫⲓⲗ (noun)	ϫⲉⲗϫⲓⲗ																			3318	3316	770			
3318	(sA) Jwm	2	(meaning uncertain)	(meaning uncertain)		770b	6	0	2010-03-29	1900-01-01	vagrant		https://pishoyg.github.io/crum/3318.html	(sA) ϫⲱⲙ	(sA) ϫⲱⲙ	(sA) ϫⲱⲙ	(sA) ϫⲱⲙ	ϫⲱⲙ	(sA) ϫⲱⲙ				complete	verb		<i>meaning uncertain</i>	meaning uncertain	<i>meaning uncertain</i>	<i>meaning uncertain</i>	<i>meaning uncertain</i>	meaning uncertain	https://coptot.manuscriptroom.com/crum-coptic-dictionary?pageID=770b	770	b									ϫⲱⲙ	ϫⲱⲙ											3319	3317	770			
3319	(S,B) Jwm	1	(meaning uncertain, in place name)	(meaning uncertain, in place name)		770b	6	0	2010-03-29	1900-01-01	vagrant		https://pishoyg.github.io/crum/3319.html	(S, B) ϫⲱⲙ	(S, B) ϫⲱⲙ	(S, B) ϫⲱⲙ	(S, B) ϫⲱⲙ	ϫⲱⲙ	(S, B) ϫⲱⲙ (ⲡ)	ϫⲱⲙ (B)			complete	noun male		<i>meaning uncertain, in place name</i>	meaning uncertain, in place name	<i>meaning uncertain, in place name</i>	<i>meaning uncertain, in place name</i>	<i>meaning uncertain, in place name</i>	meaning uncertain, in place name	https://coptot.manuscriptroom.com/crum-coptic-dictionary?pageID=770b	770	b	ϫⲱⲙ (ⲡ)	ϫⲱⲙ									ϫⲱⲙ (ⲡ)	ϫⲱⲙ									3320	3318	770			
3320	(S) Jmh	3	(or [nJmh] /*? [enJ.]*/ nn in prescription for worms /*[[elmis]]*/)	(or [nJmh] /*? [enJ.]*/ nn in prescription for worms /*[[elmis]]*/)		771b	6	0	2010-03-29	1900-01-01	vagrant		https://pishoyg.github.io/crum/3320.html	(S) ϫⲙⲏ	(S) ϫⲙⲏ	(S) ϫⲙⲏ	(S) ϫⲙⲏ	ϫⲙⲏ	(S) ϫⲙⲏ (noun)	ϫⲙⲏ (S)			complete	noun		<i>or ⲛϫⲙⲏ (? ⲉⲛϫ.) nn in prescription for worms (ελμισ)</i>	or ⲛϫⲙⲏ (? ⲉⲛϫ.) nn in prescription for worms (ελμισ)	<i>or ⲛϫⲙⲏ (? ⲉⲛϫ.) nn in prescription for worms (ελμισ)</i>	<i>or ⲛϫⲙⲏ (? ⲉⲛϫ.) nn in prescription for worms (ελμισ)</i>	"<i>or ⲛϫⲙⲏ (? ⲉⲛϫ.) nn in prescription for worms (<a href=""https://logeion.uchicago.edu/%CE%B5%CE%BB%CE%BC%CE%B9%CF%83"">ελμισ</a>)</i>"	or ⲛϫⲙⲏ (? ⲉⲛϫ.) nn in prescription for worms (ελμισ)	https://coptot.manuscriptroom.com/crum-coptic-dictionary?pageID=771b	771	b	ϫⲙⲏ (noun)	ϫⲙⲏ																			3321	3319	771			
3321	(S) Jmo	2	(vb caus or nn)	(vb caus or nn)		771b	6	0	2010-03-29	1900-01-01	vagrant		https://pishoyg.github.io/crum/3321.html	(S) ϫⲙⲟ	(S) ϫⲙⲟ	(S) ϫⲙⲟ	(S) ϫⲙⲟ	ϫⲙⲟ	(S) ϫⲙⲟ	ϫⲙⲟ (S)			complete	verb		<i>vb caus or nn</i>	vb caus or nn	<i>vb caus or nn</i>	<i>vb caus or nn</i>	<i>vb caus or nn</i>	vb caus or nn	https://coptot.manuscriptroom.com/crum-coptic-dictionary?pageID=771b	771	b	ϫⲙⲟ	ϫⲙⲟ																			3322	3320	771			
3322	(S) Jmpil	3	(meaning unknown, in charm to impoverish an [[arxwn]])	(meaning unknown, in charm to impoverish an [[arxwn]])		771b	6	0	2010-03-29	2010-03-29	vagrant	vagrant	https://pishoyg.github.io/crum/3322.html	(S) ϫⲙⲡⲓⲗ	(S) ϫⲙⲡⲓⲗ	(S) ϫⲙⲡⲓⲗ	(S) ϫⲙⲡⲓⲗ	ϫⲙⲡⲓⲗ	(S) ϫⲙⲡⲓⲗ (noun)	ϫⲙⲡⲓⲗ (S)			complete	noun		<i>meaning unknown, in charm to impoverish an αρχων </i>	meaning unknown, in charm to impoverish an αρχων	<i>meaning unknown, in charm to impoverish an αρχων </i>	<i>meaning unknown, in charm to impoverish an αρχων </i>	"<i>meaning unknown, in charm to impoverish an <a href=""https://logeion.uchicago.edu/%CE%B1%CF%81%CF%87%CF%89%CE%BD"">αρχων</a> </i>"	meaning unknown, in charm to impoverish an αρχων	https://coptot.manuscriptroom.com/crum-coptic-dictionary?pageID=771b	771	b	ϫⲙⲡⲓⲗ (noun)	ϫⲙⲡⲓⲗ																			3323	3321	771			
3323	(sA) Jiwn	0	(prob for [xiwn])	(prob for [xiwn])		773b	6	0	2010-03-29	1900-01-01	vagrant		https://pishoyg.github.io/crum/3323.html	(sA) ϫⲓⲱⲛ	(sA) ϫⲓⲱⲛ	(sA) ϫⲓⲱⲛ	(sA) ϫⲓⲱⲛ	ϫⲓⲱⲛ	(sA) ϫⲓⲱⲛ				complete	-		<i>prob for ⲭⲓⲱⲛ</i>	prob for ⲭⲓⲱⲛ	<i>prob for ⲭⲓⲱⲛ</i>	<i>prob for ⲭⲓⲱⲛ</i>	<i>prob for ⲭⲓⲱⲛ</i>	prob for ⲭⲓⲱⲛ	https://coptot.manuscriptroom.com/crum-coptic-dictionary?pageID=773b	773	b									ϫⲓⲱⲛ	ϫⲓⲱⲛ											3324	3322	773			
3324	(sA) Jwwne	2	(meaning unknown)	(meaning unknown)		773b	6	0	2010-03-29	1900-01-01	vagrant		https://pishoyg.github.io/crum/3324.html	(sA) ϫⲱⲱⲛⲉ	(sA) ϫⲱⲱⲛⲉ	(sA) ϫⲱⲱⲛⲉ	(sA) ϫⲱⲱⲛⲉ	ϫⲱⲱⲛⲉ	(sA) ϫⲱⲱⲛⲉ				complete	verb		<i>meaning unknown</i>	meaning unknown	<i>meaning unknown</i>	<i>meaning unknown</i>	<i>meaning unknown</i>	meaning unknown	https://coptot.manuscriptroom.com/crum-coptic-dictionary?pageID=773b	773	b									ϫⲱⲱⲛⲉ	ϫⲱⲱⲛⲉ											3325	3323	773			
3325	(O) Jna=	2	{tr:} 	{tr:} 		774a	6	0	2010-03-29	1900-01-01	vagrant		https://pishoyg.github.io/crum/3325.html	(O) ϫⲛⲁ=	(O) ϫⲛⲁ=	(O) ϫⲛⲁ=	(O) ϫⲛⲁ=	ϫⲛⲁ=	(O) ϫⲛⲁ=				complete	verb		<b>tr:</b>	tr:	<b>tr:</b>	<b>tr:</b>	<b>tr:</b>	tr:	https://coptot.manuscriptroom.com/crum-coptic-dictionary?pageID=774a	774	a																	ϫⲛⲁ=	ϫⲛⲁ=			3326	3324	774			
3326	(S) Jnne	1	(meaning unknown)	(meaning unknown)		775a	6	0	2010-03-29	1900-01-01	vagrant		https://pishoyg.github.io/crum/3326.html	(S) ϫⲛⲛⲉ	(S) ϫⲛⲛⲉ	(S) ϫⲛⲛⲉ	(S) ϫⲛⲛⲉ	ϫⲛⲛⲉ	(S) ϫⲛⲛⲉ (ⲡ)	ϫⲛⲛⲉ (S)			complete	noun male		<i>meaning unknown</i>	meaning unknown	<i>meaning unknown</i>	<i>meaning unknown</i>	<i>meaning unknown</i>	meaning unknown	https://coptot.manuscriptroom.com/crum-coptic-dictionary?pageID=775a	775	a	ϫⲛⲛⲉ (ⲡ)	ϫⲛⲛⲉ																			3327	3325	775			
3327	(S) Jint	1	(reading doubtful, meaning unknown)	(reading doubtful, meaning unknown)		775a	6	0	2010-03-29	1900-01-01	vagrant		https://pishoyg.github.io/crum/3327.html	(S) ϫⲓⲛⲧ	(S) ϫⲓⲛⲧ	(S) ϫⲓⲛⲧ	(S) ϫⲓⲛⲧ	ϫⲓⲛⲧ	(S) ϫⲓⲛⲧ (ⲡ)	ϫⲓⲛⲧ (S)			complete	noun male		<i>reading doubtful, meaning unknown</i>	reading doubtful, meaning unknown	<i>reading doubtful, meaning unknown</i>	<i>reading doubtful, meaning unknown</i>	<i>reading doubtful, meaning unknown</i>	reading doubtful, meaning unknown	https://coptot.manuscriptroom.com/crum-coptic-dictionary?pageID=775a	775	a	ϫⲓⲛⲧ (ⲡ)	ϫⲓⲛⲧ																			3328	3326	775			
3328	(B) JanhHi	4	(meaning doubtful)	(meaning doubtful)		777b	6	0	2010-03-29	1900-01-01	vagrant		https://pishoyg.github.io/crum/3328.html	(B) ϫⲁⲛⲏϩⲓ	(B) ϫⲁⲛⲏϩⲓ	(B) ϫⲁⲛⲏϩⲓ	(B) ϫⲁⲛⲏϩⲓ	ϫⲁⲛⲏϩⲓ	(B) ϫⲁⲛⲏϩⲓ (ⲧ)	ϫⲁⲛⲏϩⲓ (B)			complete	noun female		<i>meaning doubtful</i>	meaning doubtful	<i>meaning doubtful</i>	<i>meaning doubtful</i>	<i>meaning doubtful</i>	meaning doubtful	https://coptot.manuscriptroom.com/crum-coptic-dictionary?pageID=777b	777	b											ϫⲁⲛⲏϩⲓ (ⲧ)	ϫⲁⲛⲏϩⲓ									3329	3327	777			
